domain,type,1 year,2 years,3 years,4 years,5 years,6 years,7 years,8 years,9 years,10 years
.*.name,domaintransfer,9.99,,,,,,,,,
.*.name,domainregister,9.99,17.38,26.07,34.77,41.96,50.35,58.74,67.13,75.52,79.92
.loan,domainrenew,4.99,9.98,14.97,19.96,24.95,29.94,34.93,39.92,44.91,49.9
.aaa.pro,domaintransfer,199,,,,,,,,,
.aaa.pro,domainregister,199,398,597,796,995,1194,1393,1592,1791,1990
.bid,domainrenew,5.49,10.98,16.47,21.96,27.45,32.94,38.43,43.92,49.41,54.9
.ac.vn,domainregister,40.99,81.98,122.97,163.96,204.95,245.94,286.93,327.92,368.91,409.9
.date,domainrenew,5.49,10.98,16.47,21.96,27.45,32.94,38.43,43.92,49.41,54.9
.aca.pro,domaintransfer,199,,,,,,,,,
.aca.pro,domainregister,199,398,597,796,995,1194,1393,1592,1791,1990
.men,domainrenew,5.49,10.98,16.47,21.96,27.45,32.94,38.43,43.92,49.41,54.9
.academy,domainregister,19.99,45.28,75.87,101.16,126.45,151.74,177.03,202.32,227.61,252.9
.party,domainrenew,5.49,10.98,16.47,21.96,27.45,32.94,38.43,43.92,49.41,54.9
.academy,domaintransfer,25.29,50.58,75.87,101.16,126.45,151.74,177.03,202.32,227.61,252.9
.accountant,domaintransfer,25.69,,,,,,,,,
.accountant,domainregister,25.69,51.38,77.07,102.76,128.45,154.14,179.83,205.52,231.21,256.9
.trade,domainrenew,5.49,10.98,16.47,21.96,27.45,32.94,38.43,43.92,49.41,54.9
.accountants,domainregister,29.99,105.98,242.97,323.96,404.95,485.94,566.93,647.92,728.91,809.9
.win,domainrenew,5.49,10.98,16.47,21.96,27.45,32.94,38.43,43.92,49.41,54.9
.accountants,domaintransfer,80.99,161.98,242.97,323.96,404.95,485.94,566.93,647.92,728.91,809.9
.acct.pro,domaintransfer,199,,,,,,,,,
.acct.pro,domainregister,199,398,597,796,995,1194,1393,1592,1791,1990
.co.in,domainrenew,7.99,15.98,23.97,31.96,39.95,47.94,55.93,63.92,71.91,79.9
.adult,domaintransfer,100,,,,,,,,,
.adult,domainregister,100,200,300,400,500,600,700,800,900,1000
.firm.in,domainrenew,7.99,15.98,23.97,31.96,39.95,47.94,55.93,63.92,71.91,79.9
.ag,domainregister,91.99,183.98,275.97,367.96,459.95,551.94,643.93,735.92,827.91,919.9
.gen.in,domainrenew,7.99,15.98,23.97,31.96,39.95,47.94,55.93,63.92,71.91,79.9
.ag,domaintransfer,91.99,183.98,275.97,367.96,459.95,551.94,643.93,735.92,827.91,919.9
.agency,domainregister,7.49,24.78,42.07,59.36,76.65,103.74,121.03,138.32,155.61,172.9
.ind.in,domainrenew,7.99,15.98,23.97,31.96,39.95,47.94,55.93,63.92,71.91,79.9
.agency,domaintransfer,17.29,34.58,51.87,69.16,86.45,103.74,121.03,138.32,155.61,172.9
.apartments,domainregister,40.59,81.18,121.77,162.36,202.95,243.54,284.13,324.72,365.31,405.9
.net.in,domainrenew,7.99,15.98,23.97,31.96,39.95,47.94,55.93,63.92,71.91,79.9
.apartments,domaintransfer,40.59,81.18,121.77,162.36,202.95,243.54,284.13,324.72,365.31,405.9
.app,domaintransfer,16.99,,,,,,,,,
.app,domainregister,16.99,33.98,50.97,67.96,84.95,101.94,118.93,135.92,152.91,169.9
.org.in,domainrenew,7.99,15.98,23.97,31.96,39.95,47.94,55.93,63.92,71.91,79.9
.art,domaintransfer,12.99,,,,,,,,,
.art,domainregister,12.99,25.98,38.97,51.96,64.95,77.94,90.93,103.92,116.91,129.9
.work,domainrenew,7.99,15.98,23.97,31.96,39.95,47.94,55.93,63.92,71.91,79.9
.asia,domaintransfer,16.99,,,,,,,,,
.asia,domainregister,16.99,33.98,50.97,67.96,84.95,101.94,118.93,135.92,152.91,169.9
.*.name,domainrenew,9.99,17.38,26.07,34.77,41.96,50.35,58.74,67.13,75.52,79.92
.associates,domainregister,25.29,50.58,75.87,101.16,126.45,151.74,177.03,202.32,227.61,252.9
.faith,domainrenew,8.49,16.98,25.47,33.96,42.45,50.94,59.43,67.92,76.41,84.9
.associates,domaintransfer,25.29,50.58,75.87,101.16,126.45,151.74,177.03,202.32,227.61,252.9
.audio,domainregister,123.99,247.98,371.97,495.96,619.95,743.94,867.93,991.92,1115.91,1239.9
.review,domainrenew,8.49,16.98,25.47,33.96,42.45,50.94,59.43,67.92,76.41,84.9
.audio,domaintransfer,123.99,29.98,44.97,59.96,74.95,89.94,104.93,119.92,134.91,149.9
.auto,domaintransfer,2399,,,,,,,,,
.auto,domainregister,2399,4798,7197,9596,11995,14394,16793,19192,21591,23990
.science,domainrenew,8.49,16.98,25.47,33.96,42.45,50.94,59.43,67.92,76.41,84.9
.avocat.pro,domaintransfer,199,,,,,,,,,
.avocat.pro,domainregister,199,398,597,796,995,1194,1393,1592,1791,1990
.webcam,domainrenew,8.49,16.98,25.47,33.96,42.45,50.94,59.43,67.92,76.41,84.9
.bar,domainregister,65,130,195,260,325,390,455,520,585,650
.co.uk,domainrenew,11.59,17.98,26.97,35.96,44.95,53.94,62.93,71.92,80.91,89.9
.bar,domaintransfer,65,130,195,260,325,390,455,520,585,650
.bar.pro,domaintransfer,199,,,,,,,,,
.bar.pro,domainregister,199,398,597,796,995,1194,1393,1592,1791,1990
.ltd.uk,domainrenew,11.59,17.98,26.97,35.96,44.95,53.94,62.93,71.92,80.91,89.9
.bargains,domainregister,14.99,29.98,44.97,59.96,74.95,89.94,104.93,119.92,134.91,149.9
.me.uk,domainrenew,11.59,17.98,26.97,35.96,44.95,53.94,62.93,71.92,80.91,89.9
.bargains,domaintransfer,25.29,50.58,75.87,101.16,126.45,151.74,177.03,202.32,227.61,252.9
.bayern,domaintransfer,36.99,,,,,,,,,
.bayern,domainregister,36.99,73.98,110.97,147.96,184.95,221.94,258.93,295.92,332.91,369.9
.net.uk,domainrenew,11.59,17.98,26.97,35.96,44.95,53.94,62.93,71.92,80.91,89.9
.beer,domaintransfer,25.99,,,,,,,,,
.beer,domainregister,25.99,51.98,77.97,103.96,129.95,155.94,181.93,207.92,233.91,259.9
.org.uk,domainrenew,11.59,17.98,26.97,35.96,44.95,53.94,62.93,71.92,80.91,89.9
.bet,domaintransfer,23.38,,,,,,,,,
.bet,domainregister,23.38,46.76,70.14,93.52,116.9,140.28,163.66,187.04,210.42,233.8
.pictures,domainrenew,8.99,17.98,26.97,35.96,44.95,53.94,62.93,71.92,80.91,89.9
.bid,domaintransfer,5.49,,,,,,,,,
.bid,domainregister,5.49,10.98,16.47,21.96,27.45,32.94,38.43,43.92,49.41,54.9
.plc.uk,domainrenew,11.59,17.98,26.97,35.96,44.95,53.94,62.93,71.92,80.91,89.9
.bike,domainregister,14.99,40.08,60.57,101.16,126.45,151.74,177.03,202.32,227.61,252.9
.uk,domainrenew,11.59,17.98,26.97,35.96,44.95,53.94,62.93,71.92,80.91,89.9
.bike,domaintransfer,25.29,50.58,75.87,101.16,126.45,151.74,177.03,202.32,227.61,252.9
.bingo,domainregister,40.59,81.18,121.77,162.36,202.95,243.54,284.13,324.72,365.31,405.9
.com,domainrenew,9.89,19.78,29.67,39.56,49.45,59.34,69.23,79.12,89.01,98.9
.bingo,domaintransfer,40.59,81.18,121.77,162.36,202.95,243.54,284.13,324.72,365.31,405.9
.biz,domaintransfer,14.43,,,,,,,,,
.biz,domainregister,14.43,28.86,43.29,57.72,72.15,86.58,101.01,115.44,129.87,144.3
.one,domainrenew,9.89,19.78,29.67,39.56,49.45,59.34,69.23,79.12,89.01,98.9
.black,domaintransfer,69.41,,,,,,,,,
.black,domainregister,10.99,80.4,112.77,150.36,187.95,225.54,258.93,295.92,332.91,369.9
.click,domainrenew,9.99,16.98,29.97,39.96,49.95,59.94,69.93,79.92,89.91,99.9
.blackfriday,domainregister,123.99,247.98,371.97,495.96,619.95,743.94,867.93,991.92,1115.91,1239.9
.link,domainrenew,9.99,19.98,29.97,39.96,49.95,59.94,69.93,79.92,89.91,99.9
.blackfriday,domaintransfer,123.99,71.98,107.97,143.96,179.95,215.94,251.93,287.92,323.91,359.9
.blog,domaintransfer,26.59,,,,,,,,,
.blog,domainregister,9.99,36.58,63.17,89.76,116.35,159.54,186.13,212.72,239.31,265.9
.xyz,domainrenew,9.99,19.98,29.97,39.96,49.95,59.94,69.93,79.92,89.91,99.9
.blue,domaintransfer,23.38,,,,,,,,,
.blue,domainregister,3.49,26.87,38.97,51.96,64.95,77.94,90.93,103.92,116.91,129.9
.casa,domainrenew,10.49,20.98,31.47,41.96,52.45,62.94,73.43,83.92,94.41,104.9
.boutique,domainregister,4.99,30.28,55.57,101.16,126.45,151.74,177.03,202.32,227.61,252.9
.name,domainrenew,10.99,21.98,32.97,43.96,54.95,65.94,76.93,87.92,98.91,109.9
.boutique,domaintransfer,25.29,50.58,75.87,101.16,126.45,151.74,177.03,202.32,227.61,252.9
.builders,domainregister,25.29,50.58,75.87,101.16,126.45,151.74,177.03,202.32,227.61,252.9
.in,domainrenew,11.39,22.78,34.17,45.56,56.95,68.34,79.73,91.12,102.51,113.9
.builders,domaintransfer,25.29,50.58,75.87,101.16,126.45,151.74,177.03,202.32,227.61,252.9
.business,domainregister,17.59,35.18,52.77,70.36,87.95,105.54,123.13,140.72,158.31,175.9
.nagoya,domainrenew,11.59,23.18,34.77,46.36,57.95,69.54,81.13,92.72,104.31,115.9
.business,domaintransfer,17.59,35.18,52.77,70.36,87.95,105.54,123.13,140.72,158.31,175.9
.bz,domainregister,27.99,55.98,83.97,111.96,139.95,167.94,195.93,223.92,251.91,279.9
.tokyo,domainrenew,11.59,23.18,34.77,46.36,57.95,69.54,81.13,92.72,104.31,115.9
.bz,domaintransfer,27.99,55.98,83.97,111.96,139.95,167.94,195.93,223.92,251.91,279.9
.cab,domainregister,25.29,50.58,75.87,101.16,126.45,151.74,177.03,202.32,227.61,252.9
.yokohama,domainrenew,11.59,23.18,34.77,46.36,57.95,69.54,81.13,92.72,104.31,115.9
.cab,domaintransfer,25.29,50.58,75.87,101.16,126.45,151.74,177.03,202.32,227.61,252.9
.cafe,domainregister,14.99,40.58,64.67,90.26,102.95,123.54,144.13,164.72,185.31,205.9
.us,domainrenew,11.97,23.94,35.91,47.88,59.85,71.82,83.79,95.76,107.73,119.7
.cafe,domaintransfer,25.59,51.18,76.77,102.36,127.95,153.54,179.13,204.72,230.31,255.9
.camera,domainregister,42.49,84.98,127.47,169.96,212.45,254.94,297.43,339.92,382.41,424.9
.org,domainrenew,12.19,24.38,36.57,48.76,60.95,73.14,85.33,97.52,109.71,121.9
.camera,domaintransfer,42.49,50.58,75.87,101.16,126.45,151.74,177.03,202.32,227.61,252.9
.camp,domainregister,43.29,86.58,129.87,173.16,216.45,259.74,303.03,346.32,389.61,432.9
.art,domainrenew,12.99,25.98,38.97,51.96,64.95,77.94,90.93,103.92,116.91,129.9
.camp,domaintransfer,43.29,50.58,75.87,101.16,126.45,151.74,177.03,202.32,227.61,252.9
.capital,domainregister,14.99,50.28,120.87,161.16,201.45,241.74,282.03,322.32,362.61,402.9
.company,domainrenew,12.99,25.98,38.97,51.96,64.95,77.94,90.93,103.92,116.91,129.9
.capital,domaintransfer,42.99,80.58,120.87,161.16,201.45,241.74,282.03,322.32,362.61,402.9
.car,domaintransfer,2399,,,,,,,,,
.car,domainregister,2399,4798,7197,9596,11995,14394,16793,19192,21591,23990
.eu,domainrenew,12.99,25.98,38.97,51.96,64.95,77.94,90.93,103.92,116.91,129.9
.cards,domainregister,25.29,50.58,75.87,101.16,126.45,151.74,177.03,202.32,227.61,252.9
.net,domainrenew,13.05,26.1,39.15,52.2,65.25,78.3,91.35,104.4,117.45,130.5
.cards,domaintransfer,25.29,50.58,75.87,101.16,126.45,151.74,177.03,202.32,227.61,252.9
.care,domainregister,19.99,45.28,75.87,101.16,126.45,151.74,177.03,202.32,227.61,252.9
.club,domainrenew,13.9,27.8,41.7,55.6,69.5,83.4,97.3,111.2,125.1,139
.care,domaintransfer,25.29,50.58,75.87,101.16,126.45,151.74,177.03,202.32,227.61,252.9
.careers,domainregister,40.29,80.58,120.87,161.16,201.45,241.74,282.03,322.32,362.61,402.9
.info,domainrenew,13.99,27.98,41.97,55.96,69.95,83.94,97.93,111.92,125.91,139.9
.careers,domaintransfer,40.29,80.58,120.87,161.16,201.45,241.74,282.03,322.32,362.61,402.9
.cars,domaintransfer,2399,,,,,,,,,
.cars,domainregister,2399,4798,7197,9596,11995,14394,16793,19192,21591,23990
.tel,domainrenew,13.99,27.98,41.97,55.96,69.95,83.94,97.93,111.92,125.91,139.9
.casa,domaintransfer,7.99,,,,,,,,,
.casa,domainregister,10.49,20.98,31.47,41.96,52.45,62.94,73.43,83.92,94.41,104.9
.top,domainrenew,13.99,27.98,41.97,55.96,69.95,83.94,97.93,111.92,125.91,139.9
.cash,domainregister,9.49,34.78,85.36,161.23,126.45,151.74,177.03,202.32,227.61,252.9
.biz,domainrenew,14.43,28.86,43.29,57.72,72.15,86.58,101.01,115.44,129.87,144.3
.cash,domaintransfer,25.29,50.58,75.87,101.16,126.45,151.74,177.03,202.32,227.61,252.9
.casino,domainregister,19.99,161.88,362.97,483.96,604.95,725.94,846.93,967.92,1088.91,1209.9
.vip,domainrenew,14.99,29.98,44.97,59.96,74.95,89.94,104.93,119.92,134.91,149.9
.casino,domaintransfer,120.99,241.98,362.97,483.96,604.95,725.94,846.93,967.92,1088.91,1209.9
.cat,domainregister,22.99,45.98,68.97,91.96,114.95,137.94,160.93,183.92,206.91,229.9
.pw,domainrenew,18.39,31.98,47.97,63.96,79.95,95.94,111.93,127.92,143.91,159.9
.cat,domaintransfer,28.99,45.98,68.97,91.96,114.95,137.94,160.93,183.92,206.91,229.9
.catering,domainregister,25.29,50.58,75.87,101.16,126.45,151.74,177.03,202.32,227.61,252.9
.pro,domainrenew,16.08,32.16,48.24,64.32,80.4,96.48,112.56,128.64,144.72,160.8
.catering,domaintransfer,25.29,50.58,75.87,101.16,126.45,151.74,177.03,202.32,227.61,252.9
.cc,domaintransfer,29,,,,,,,,,
.cc,domainregister,29,58,87,116,145,174,203,232,261,290
.app,domainrenew,16.99,33.98,50.97,67.96,84.95,101.94,118.93,135.92,152.91,169.9
.center,domainregister,9.99,27.28,16.97,22.96,28.95,103.74,121.03,138.32,155.61,172.9
.asia,domainrenew,16.99,33.98,50.97,67.96,84.95,101.94,118.93,135.92,152.91,169.9
.center,domaintransfer,17.29,34.58,51.87,69.16,86.45,103.74,121.03,138.32,155.61,172.9
.ceo,domaintransfer,99,,,,,,,,,
.ceo,domainregister,99,198,297,360,450,540,595,680,765,820
.agency,domainrenew,17.29,34.58,51.87,69.16,86.45,103.74,121.03,138.32,155.61,172.9
.chat,domainregister,14.99,45.58,59.97,79.96,99.95,119.94,139.93,159.92,179.91,199.9
.center,domainrenew,17.29,34.58,51.87,69.16,86.45,103.74,121.03,138.32,155.61,172.9
.chat,domaintransfer,25.59,51.18,76.77,102.36,127.95,153.54,179.13,204.72,230.31,255.9
.cheap,domainregister,9.99,50.58,75.87,101.16,126.45,151.74,177.03,202.32,227.61,252.9
.city,domainrenew,17.29,34.58,51.87,69.16,86.45,103.74,121.03,138.32,155.61,172.9
.cheap,domaintransfer,25.29,50.58,75.87,101.16,126.45,151.74,177.03,202.32,227.61,252.9
.christmas,domainregister,63.59,127.18,190.77,254.36,317.95,381.54,445.13,508.72,572.31,635.9
.directory,domainrenew,17.29,34.58,51.87,69.16,86.45,103.74,121.03,138.32,155.61,172.9
.christmas,domaintransfer,63.59,57.98,86.97,115.96,144.95,173.94,202.93,231.92,260.91,289.9
.church,domainregister,25.29,50.58,75.87,101.16,126.45,151.74,177.03,202.32,227.61,252.9
.education,domainrenew,17.29,34.58,51.87,69.16,86.45,103.74,121.03,138.32,155.61,172.9
.church,domaintransfer,25.29,50.58,75.87,101.16,126.45,151.74,177.03,202.32,227.61,252.9
.city,domainregister,7.99,27.28,51.87,69.16,86.45,103.74,121.03,138.32,155.61,172.9
.email,domainrenew,17.29,34.58,51.87,69.16,86.45,103.74,121.03,138.32,155.61,172.9
.city,domaintransfer,17.29,34.58,51.87,69.16,86.45,103.74,121.03,138.32,155.61,172.9
.claims,domainregister,19.99,60.28,80.27,162.36,202.95,243.54,284.13,324.72,365.31,405.9
.equipment,domainrenew,17.29,34.58,51.87,69.16,86.45,103.74,121.03,138.32,155.61,172.9
.claims,domaintransfer,40.59,81.18,121.77,162.36,202.95,243.54,284.13,324.72,365.31,405.9
.cleaning,domainregister,42.99,85.98,128.97,171.96,214.95,257.94,300.93,343.92,386.91,429.9
.exposed,domainrenew,17.29,34.58,51.87,69.16,86.45,103.74,121.03,138.32,155.61,172.9
.cleaning,domaintransfer,42.99,50.58,75.87,101.16,126.45,151.74,177.03,202.32,227.61,252.9
.click,domainregister,9.99,19.98,29.97,39.96,49.95,59.94,69.93,79.92,89.91,99.9
.gallery,domainrenew,17.29,34.58,51.87,69.16,86.45,103.74,121.03,138.32,155.61,172.9
.click,domaintransfer,9.99,13.18,19.77,26.36,32.95,39.54,46.13,52.72,59.31,65.9
.clinic,domainregister,40.29,80.58,120.87,161.16,201.45,241.74,282.03,322.32,362.61,402.9
.graphics,domainrenew,17.29,34.58,51.87,69.16,86.45,103.74,121.03,138.32,155.61,172.9
.clinic,domaintransfer,40.29,80.58,120.87,161.16,201.45,241.74,282.03,322.32,362.61,402.9
.clothing,domainregister,25.29,50.58,75.87,101.16,126.45,151.74,177.03,202.32,227.61,252.9
.institute,domainrenew,17.29,34.58,51.87,69.16,86.45,103.74,121.03,138.32,155.61,172.9
.clothing,domaintransfer,25.29,50.58,75.87,101.16,126.45,151.74,177.03,202.32,227.61,252.9
.cloud,domaintransfer,19.99,,,,,,,,,
.cloud,domainregister,6.89,26.89,59.96,79.96,99.94,119.93,139.92,159.92,179.9,199.89
.international,domainrenew,17.29,34.58,51.87,69.16,86.45,103.74,121.03,138.32,155.61,172.9
.club,domaintransfer,13.9,,,,,,,,,
.club,domainregister,13.9,27.8,41.7,55.6,69.5,83.4,97.3,111.2,125.1,139
.lighting,domainrenew,17.29,34.58,51.87,69.16,86.45,103.74,121.03,138.32,155.61,172.9
.cn,domaintransfer,25.99,,,,,,,,,
.cn,domainregister,25.99,51.98,77.97,103.96,129.95,155.94,181.93,207.92,233.91,259.9
.management,domainrenew,17.29,34.58,51.87,69.16,86.45,103.74,121.03,138.32,155.61,172.9
.co,domaintransfer,30,,,,,,,,,
.co,domainregister,30,60,90,120,150,180,210,240,270,300
.photography,domainrenew,17.29,34.58,51.87,69.16,86.45,103.74,121.03,138.32,155.61,172.9
.co.ag,domainregister,72.99,145.98,218.97,291.96,364.95,437.94,510.93,583.92,656.91,729.9
.photos,domainrenew,17.29,34.58,51.87,69.16,86.45,103.74,121.03,138.32,155.61,172.9
.co.ag,domaintransfer,72.99,145.98,218.97,291.96,364.95,437.94,510.93,583.92,656.91,729.9
.co.in,domaintransfer,7.99,,,,,,,,,
.co.in,domainregister,7.99,15.98,23.97,31.96,39.95,47.94,55.93,63.92,71.91,79.9
.reisen,domainrenew,17.29,34.58,51.87,69.16,86.45,103.74,121.03,138.32,155.61,172.9
.co.lc,domainregister,22.99,45.98,68.97,91.96,114.95,137.94,160.93,183.92,206.91,229.9
.report,domainrenew,17.29,34.58,51.87,69.16,86.45,103.74,121.03,138.32,155.61,172.9
.co.lc,domaintransfer,22.99,45.98,68.97,91.96,114.95,137.94,160.93,183.92,206.91,229.9
.co.uk,domainregister,11.59,17.98,26.97,35.96,44.95,53.94,62.93,71.92,80.91,89.9
.schule,domainrenew,17.29,34.58,51.87,69.16,86.45,103.74,121.03,138.32,155.61,172.9
.coach,domainregister,14.99,81.18,121.77,162.36,202.95,243.54,284.13,324.72,365.31,405.9
.solutions,domainrenew,17.29,34.58,51.87,69.16,86.45,103.74,121.03,138.32,155.61,172.9
.coach,domaintransfer,40.59,81.18,121.77,162.36,202.95,243.54,284.13,324.72,365.31,405.9
.codes,domainregister,9.49,49.78,90.07,130.36,201.45,241.74,282.03,322.32,362.61,402.9
.supplies,domainrenew,17.29,34.58,51.87,69.16,86.45,103.74,121.03,138.32,155.61,172.9
.codes,domaintransfer,42.79,80.58,120.87,161.16,201.45,241.74,282.03,322.32,362.61,402.9
.coffee,domainregister,13.49,38.78,64.07,89.36,126.45,151.74,177.03,202.32,227.61,252.9
.supply,domainrenew,17.29,34.58,51.87,69.16,86.45,103.74,121.03,138.32,155.61,172.9
.coffee,domaintransfer,25.29,50.58,75.87,101.16,126.45,151.74,177.03,202.32,227.61,252.9
.college,domaintransfer,56.99,,,,,,,,,
.college,domainregister,56.99,113.98,170.97,227.96,279.95,335.94,391.93,447.92,503.91,559.9
.support,domainrenew,17.29,34.58,51.87,69.16,86.45,103.74,121.03,138.32,155.61,172.9
.com,domaintransfer,9.89,,,,,,,,,
.com,domainregister,9.89,19.78,29.67,39.56,49.45,59.34,69.23,79.12,89.01,98.9
.systems,domainrenew,17.29,34.58,51.87,69.16,86.45,103.74,121.03,138.32,155.61,172.9
.com.ag,domainregister,72.99,145.98,218.97,291.96,364.95,437.94,510.93,583.92,656.91,729.9
.technology,domainrenew,17.29,34.58,51.87,69.16,86.45,103.74,121.03,138.32,155.61,172.9
.com.ag,domaintransfer,72.99,145.98,218.97,291.96,364.95,437.94,510.93,583.92,656.91,729.9
.com.co,domaintransfer,18,,,,,,,,,
.com.co,domainregister,30,60,90,120,150,180,210,240,270,300
.tips,domainrenew,17.29,34.58,51.87,69.16,86.45,103.74,121.03,138.32,155.61,172.9
.com.lc,domainregister,22.99,45.98,68.97,91.96,114.95,137.94,160.93,183.92,206.91,229.9
.today,domainrenew,17.29,34.58,51.87,69.16,86.45,103.74,121.03,138.32,155.61,172.9
.com.lc,domaintransfer,22.99,45.98,68.97,91.96,114.95,137.94,160.93,183.92,206.91,229.9
.com.tw,domainregister,39.99,79.98,119.97,159.96,199.95,239.94,279.93,319.92,359.91,399.9
.football,domainrenew,17.59,35.18,52.77,70.36,87.95,105.54,123.13,140.72,158.31,175.9
.com.vc,domainregister,40.99,81.98,122.97,163.96,204.95,245.94,286.93,327.92,368.91,409.9
.fyi,domainrenew,17.59,35.18,52.77,70.36,87.95,105.54,123.13,140.72,158.31,175.9
.com.vc,domaintransfer,40.99,81.98,122.97,163.96,204.95,245.94,286.93,327.92,368.91,409.9
.community,domainregister,25.29,50.58,75.87,101.16,126.45,151.74,177.03,202.32,227.61,252.9
.gratis,domainrenew,17.59,35.18,52.77,70.36,87.95,105.54,123.13,140.72,158.31,175.9
.community,domaintransfer,25.29,50.58,75.87,101.16,126.45,151.74,177.03,202.32,227.61,252.9
.company,domainregister,12.99,25.98,38.97,51.96,64.95,77.94,90.93,103.92,116.91,129.9
.group,domainrenew,17.59,35.18,52.77,70.36,87.95,105.54,123.13,140.72,158.31,175.9
.company,domaintransfer,12.99,34.58,51.87,69.16,86.45,103.74,121.03,138.32,155.61,172.9
.computer,domainregister,19.99,45.28,75.87,101.16,126.45,151.74,177.03,202.32,227.61,252.9
.ltd,domainrenew,17.59,35.18,52.77,70.36,87.95,105.54,123.13,140.72,158.31,175.9
.computer,domaintransfer,25.29,50.58,75.87,101.16,126.45,151.74,177.03,202.32,227.61,252.9
.condos,domainregister,42.49,84.98,127.47,169.96,212.45,254.94,297.43,339.92,382.41,424.9
.network,domainrenew,17.59,35.18,52.77,70.36,87.95,105.54,123.13,140.72,158.31,175.9
.condos,domaintransfer,42.49,80.58,120.87,161.16,201.45,241.74,282.03,322.32,362.61,402.9
.construction,domainregister,25.29,50.58,75.87,101.16,126.45,151.74,177.03,202.32,227.61,252.9
.run,domainrenew,17.59,35.18,52.77,70.36,87.95,105.54,123.13,140.72,158.31,175.9
.construction,domaintransfer,25.29,50.58,75.87,101.16,126.45,151.74,177.03,202.32,227.61,252.9
.contractors,domainregister,25.29,50.58,75.87,101.16,126.45,151.74,177.03,202.32,227.61,252.9
.soccer,domainrenew,17.59,35.18,52.77,70.36,87.95,105.54,123.13,140.72,158.31,175.9
.contractors,domaintransfer,25.29,50.58,75.87,101.16,126.45,151.74,177.03,202.32,227.61,252.9
.cooking,domaintransfer,25.99,,,,,,,,,
.cooking,domainregister,25.99,51.98,77.97,103.96,129.95,155.94,181.93,207.92,233.91,259.9
.com.co,domainrenew,18,36,54,72,90,108,126,144,162,180
.cool,domainregister,9.99,35.28,16.97,22.96,28.95,34.94,40.93,46.92,227.61,252.9
.net.co,domainrenew,18,36,54,72,90,108,126,144,162,180
.cool,domaintransfer,25.29,50.58,75.87,101.16,126.45,151.74,177.03,202.32,227.61,252.9
.country,domaintransfer,25.99,,,,,,,,,
.country,domainregister,25.99,51.98,77.97,103.96,129.95,155.94,181.93,207.92,233.91,259.9
.nom.co,domainrenew,18,36,54,72,90,108,126,144,162,180
.coupons,domainregister,19.99,81.18,121.77,162.36,202.95,243.54,284.13,324.72,365.31,405.9
.space,domainrenew,18.49,36.98,55.47,73.96,92.45,110.94,129.43,147.92,166.41,184.9
.coupons,domaintransfer,40.59,81.18,121.77,162.36,202.95,243.54,284.13,324.72,365.31,405.9
.courses,domaintransfer,34.59,,,,,,,,,
.courses,domainregister,34.59,69.18,103.77,138.36,172.95,207.54,242.13,276.72,311.31,345.9
.gift,domainrenew,18.59,37.18,55.77,74.36,92.95,111.54,130.13,148.72,167.31,185.9
.cpa.pro,domaintransfer,199,,,,,,,,,
.cpa.pro,domainregister,199,398,597,796,995,1194,1393,1592,1791,1990
.website,domainrenew,18.59,37.18,55.77,74.36,92.95,111.54,130.13,148.72,167.31,185.9
.credit,domainregister,11.99,161.98,242.97,323.96,404.95,485.94,566.93,647.92,728.91,809.9
.cloud,domainrenew,19.99,39.98,59.97,79.96,99.95,119.94,139.93,159.92,179.91,199.9
.credit,domaintransfer,80.99,161.98,242.97,323.96,404.95,485.94,566.93,647.92,728.91,809.9
.creditcard,domainregister,120.99,241.98,362.97,483.96,604.95,725.94,846.93,967.92,1088.91,1209.9
.cymru,domainrenew,19.99,39.98,59.97,79.96,99.95,119.94,139.93,159.92,179.91,199.9
.creditcard,domaintransfer,120.99,241.98,362.97,483.96,604.95,725.94,846.93,967.92,1088.91,1209.9
.cricket,domaintransfer,25.69,,,,,,,,,
.cricket,domainregister,25.69,51.38,77.07,102.76,128.45,154.14,179.83,205.52,231.21,256.9
.wales,domainrenew,19.99,39.98,59.97,79.96,99.95,119.94,139.93,159.92,179.91,199.9
.cruises,domainregister,42.49,84.98,127.47,169.96,212.45,254.94,297.43,339.92,382.41,424.9
.mobi,domainrenew,20.98,41.96,62.94,83.92,104.9,125.88,146.86,167.84,188.82,209.8
.cruises,domaintransfer,42.49,80.58,120.87,161.16,201.45,241.74,282.03,322.32,362.61,402.9
.cymru,domainregister,19.99,39.98,59.97,79.96,99.95,119.94,139.93,159.92,179.91,199.9
.co.lc,domainrenew,22.99,45.98,68.97,91.96,114.95,137.94,160.93,183.92,206.91,229.9
.cymru,domaintransfer,19.99,39.98,59.97,79.96,99.95,119.94,139.93,159.92,179.91,199.9
.date,domaintransfer,5.49,,,,,,,,,
.date,domainregister,5.49,10.98,16.47,21.96,27.45,32.94,38.43,43.92,49.41,54.9
.com.lc,domainrenew,22.99,45.98,68.97,91.96,114.95,137.94,160.93,183.92,206.91,229.9
.dating,domainregister,29.99,70.28,128.97,171.96,214.95,257.94,300.93,343.92,386.91,429.9
.l.lc,domainrenew,22.99,45.98,68.97,91.96,114.95,137.94,160.93,183.92,206.91,229.9
.dating,domaintransfer,42.99,80.58,120.87,161.16,201.45,241.74,282.03,322.32,362.61,402.9
.deals,domainregister,25.29,50.58,75.87,101.16,126.45,151.74,177.03,202.32,227.61,252.9
.net.lc,domainrenew,22.99,45.98,68.97,91.96,114.95,137.94,160.93,183.92,206.91,229.9
.deals,domaintransfer,25.29,50.58,75.87,101.16,126.45,151.74,177.03,202.32,227.61,252.9
.delivery,domainregister,9.99,50.28,90.57,162.36,202.95,243.54,284.13,324.72,365.31,405.9
.org.lc,domainrenew,22.99,45.98,68.97,91.96,114.95,137.94,160.93,183.92,206.91,229.9
.delivery,domaintransfer,40.59,81.18,121.77,162.36,202.95,243.54,284.13,324.72,365.31,405.9
.dental,domainregister,40.29,80.58,120.87,161.16,201.45,241.74,282.03,322.32,362.61,402.9
.p.lc,domainrenew,22.99,45.98,68.97,91.96,114.95,137.94,160.93,183.92,206.91,229.9
.dental,domaintransfer,40.29,80.58,120.87,161.16,201.45,241.74,282.03,322.32,362.61,402.9
.diamonds,domainregister,42.49,84.98,127.47,169.96,212.45,254.94,297.43,339.92,382.41,424.9
.bet,domainrenew,23.38,46.76,70.14,93.52,116.9,140.28,163.66,187.04,210.42,233.8
.diamonds,domaintransfer,42.49,80.58,120.87,161.16,201.45,241.74,282.03,322.32,362.61,402.9
.digital,domainregister,3.99,29.28,60.07,85.36,126.45,151.74,177.03,202.32,227.61,252.9
.blue,domainrenew,23.38,46.76,70.14,93.52,116.9,140.28,163.66,187.04,210.42,233.8
.digital,domaintransfer,25.29,50.58,75.87,101.16,126.45,151.74,177.03,202.32,227.61,252.9
.direct,domainregister,19.99,37.28,54.57,101.16,126.45,151.74,177.03,202.32,227.61,252.9
.kim,domainrenew,23.38,46.76,70.14,93.52,116.9,140.28,163.66,187.04,210.42,233.8
.direct,domaintransfer,25.29,50.58,75.87,101.16,126.45,151.74,177.03,202.32,227.61,252.9
.directory,domainregister,4.99,22.28,51.87,69.16,86.45,103.74,121.03,138.32,155.61,172.9
.pet,domainrenew,23.38,46.76,70.14,93.52,116.9,140.28,163.66,187.04,210.42,233.8
.directory,domaintransfer,17.29,34.58,51.87,69.16,86.45,103.74,121.03,138.32,155.61,172.9
.discount,domainregister,25.29,50.58,75.87,101.16,126.45,151.74,177.03,202.32,227.61,252.9
.pink,domainrenew,23.38,46.76,70.14,93.52,116.9,140.28,163.66,187.04,210.42,233.8
.discount,domaintransfer,25.29,50.58,75.87,101.16,126.45,151.74,177.03,202.32,227.61,252.9
.dog,domainregister,9.99,85.98,128.97,171.96,214.95,257.94,300.93,343.92,386.91,429.9
.red,domainrenew,23.38,46.76,70.14,93.52,116.9,140.28,163.66,187.04,210.42,233.8
.dog,domaintransfer,42.99,51.18,76.77,102.36,127.95,153.54,179.13,204.72,230.31,255.9
.domains,domainregister,25.29,50.58,75.87,101.16,126.45,151.74,177.03,202.32,227.61,252.9
.racing,domainrenew,24.49,48.98,73.47,97.96,122.45,146.94,171.43,195.92,220.41,244.9
.domains,domaintransfer,25.29,50.58,75.87,101.16,126.45,151.74,177.03,202.32,227.61,252.9
.download,domaintransfer,14.49,,,,,,,,,
.download,domainregister,3.99,49.98,74.97,99.96,124.95,149.94,174.93,199.92,224.91,249.9
.ink,domainrenew,24.59,49.18,73.77,98.36,122.95,147.54,172.13,196.72,221.31,245.9
.edu.vn,domainregister,40.99,81.98,122.97,163.96,204.95,245.94,286.93,327.92,368.91,409.9
.site,domainrenew,24.59,49.18,73.77,98.36,122.95,147.54,172.13,196.72,221.31,245.9
.education,domainregister,17.29,34.58,51.87,69.16,86.45,103.74,121.03,138.32,155.61,172.9
.wiki,domainrenew,24.59,49.18,73.77,98.36,122.95,147.54,172.13,196.72,221.31,245.9
.education,domaintransfer,17.29,34.58,51.87,69.16,86.45,103.74,121.03,138.32,155.61,172.9
.email,domainregister,5.49,22.78,40.07,57.36,86.45,103.74,121.03,138.32,155.61,172.9
.download,domainrenew,24.99,49.98,74.97,99.96,124.95,149.94,174.93,199.92,224.91,249.9
.email,domaintransfer,17.29,34.58,51.87,69.16,86.45,103.74,121.03,138.32,155.61,172.9
.energy,domainregister,14.99,95.98,175.47,256.46,404.95,485.94,566.93,647.92,728.91,809.9
.academy,domainrenew,25.29,50.58,75.87,101.16,126.45,151.74,177.03,202.32,227.61,252.9
.energy,domaintransfer,80.99,161.98,242.97,323.96,404.95,485.94,566.93,647.92,728.91,809.9
.eng.pro,domaintransfer,199,,,,,,,,,
.eng.pro,domainregister,199,398,597,796,995,1194,1393,1592,1791,1990
.associates,domainrenew,25.29,50.58,75.87,101.16,126.45,151.74,177.03,202.32,227.61,252.9
.engineering,domainregister,14.99,85.58,128.37,171.16,213.95,256.74,299.53,342.32,385.11,427.9
.bargains,domainrenew,25.29,50.58,75.87,101.16,126.45,151.74,177.03,202.32,227.61,252.9
.engineering,domaintransfer,42.79,80.58,120.87,161.16,201.45,241.74,282.03,322.32,362.61,402.9
.enterprises,domainregister,19.99,50.58,75.87,101.16,126.45,151.74,177.03,202.32,227.61,252.9
.bike,domainrenew,25.29,50.58,75.87,101.16,126.45,151.74,177.03,202.32,227.61,252.9
.enterprises,domaintransfer,25.29,50.58,75.87,101.16,126.45,151.74,177.03,202.32,227.61,252.9
.equipment,domainregister,17.29,34.58,51.87,69.16,86.45,103.74,121.03,138.32,155.61,172.9
.boutique,domainrenew,25.29,50.58,75.87,101.16,126.45,151.74,177.03,202.32,227.61,252.9
.equipment,domaintransfer,17.29,34.58,51.87,69.16,86.45,103.74,121.03,138.32,155.61,172.9
.estate,domainregister,9.99,35.28,60.07,85.36,126.45,151.74,177.03,202.32,227.61,252.9
.builders,domainrenew,25.29,50.58,75.87,101.16,126.45,151.74,177.03,202.32,227.61,252.9
.estate,domaintransfer,25.29,50.58,75.87,101.16,126.45,151.74,177.03,202.32,227.61,252.9
.eu,domainregister,12.99,25.98,38.97,51.96,64.95,77.94,90.93,103.92,116.91,129.9
.cab,domainrenew,25.29,50.58,75.87,101.16,126.45,151.74,177.03,202.32,227.61,252.9
.eu,domaintransfer,12.99,25.98,38.97,51.96,64.95,77.94,90.93,103.92,116.91,129.9
.events,domainregister,19.99,45.28,75.87,101.16,126.45,151.74,177.03,202.32,227.61,252.9
.cards,domainrenew,25.29,50.58,75.87,101.16,126.45,151.74,177.03,202.32,227.61,252.9
.events,domaintransfer,25.29,50.58,75.87,101.16,126.45,151.74,177.03,202.32,227.61,252.9
.exchange,domainregister,14.99,35.28,75.87,101.16,126.45,151.74,177.03,202.32,227.61,252.9
.care,domainrenew,25.29,50.58,75.87,101.16,126.45,151.74,177.03,202.32,227.61,252.9
.exchange,domaintransfer,25.29,50.58,75.87,101.16,126.45,151.74,177.03,202.32,227.61,252.9
.expert,domainregister,9.99,50.28,90.57,130.36,201.45,241.74,282.03,322.32,362.61,402.9
.cash,domainrenew,25.29,50.58,75.87,101.16,126.45,151.74,177.03,202.32,227.61,252.9
.expert,domaintransfer,42.79,80.58,120.87,161.16,201.45,241.74,282.03,322.32,362.61,402.9
.exposed,domainregister,4.99,22.28,51.87,69.16,86.45,103.74,121.03,138.32,155.61,172.9
.catering,domainrenew,25.29,50.58,75.87,101.16,126.45,151.74,177.03,202.32,227.61,252.9
.exposed,domaintransfer,17.29,34.58,51.87,69.16,86.45,103.74,121.03,138.32,155.61,172.9
.express,domainregister,9.99,35.28,76.77,102.36,127.95,153.54,179.13,204.72,230.31,255.9
.cheap,domainrenew,25.29,50.58,75.87,101.16,126.45,151.74,177.03,202.32,227.61,252.9
.express,domaintransfer,25.59,51.18,76.77,102.36,127.95,153.54,179.13,204.72,230.31,255.9
.fail,domainregister,25.29,50.58,75.87,101.16,126.45,151.74,177.03,202.32,227.61,252.9
.church,domainrenew,25.29,50.58,75.87,101.16,126.45,151.74,177.03,202.32,227.61,252.9
.fail,domaintransfer,25.29,50.58,75.87,101.16,126.45,151.74,177.03,202.32,227.61,252.9
.faith,domaintransfer,8.49,,,,,,,,,
.faith,domainregister,8.49,16.98,25.47,33.96,42.45,50.94,59.43,67.92,76.41,84.9
.clothing,domainrenew,25.29,50.58,75.87,101.16,126.45,151.74,177.03,202.32,227.61,252.9
.farm,domainregister,14.99,35.28,75.87,101.16,126.45,151.74,177.03,202.32,227.61,252.9
.coffee,domainrenew,25.29,50.58,75.87,101.16,126.45,151.74,177.03,202.32,227.61,252.9
.farm,domaintransfer,25.29,50.58,75.87,101.16,126.45,151.74,177.03,202.32,227.61,252.9
.fashion,domaintransfer,25.99,,,,,,,,,
.fashion,domainregister,25.99,51.98,77.97,103.96,129.95,155.94,181.93,207.92,233.91,259.9
.community,domainrenew,25.29,50.58,75.87,101.16,126.45,151.74,177.03,202.32,227.61,252.9
.feedback,domaintransfer,26.59,,,,,,,,,
.feedback,domainregister,26.59,53.18,79.77,106.36,132.95,159.54,186.13,212.72,239.31,265.9
.computer,domainrenew,25.29,50.58,75.87,101.16,126.45,151.74,177.03,202.32,227.61,252.9
.film,domaintransfer,80.99,,,,,,,,,
.film,domainregister,80.99,161.98,242.97,323.96,404.95,485.94,566.93,647.92,728.91,809.9
.construction,domainrenew,25.29,50.58,75.87,101.16,126.45,151.74,177.03,202.32,227.61,252.9
.finance,domainregister,40.59,81.18,121.77,162.36,202.95,243.54,284.13,324.72,365.31,405.9
.contractors,domainrenew,25.29,50.58,75.87,101.16,126.45,151.74,177.03,202.32,227.61,252.9
.finance,domaintransfer,40.59,81.18,121.77,162.36,202.95,243.54,284.13,324.72,365.31,405.9
.financial,domainregister,19.99,60.28,80.27,161.16,201.45,241.74,282.03,322.32,362.61,402.9
.cool,domainrenew,25.29,50.58,75.87,101.16,126.45,151.74,177.03,202.32,227.61,252.9
.financial,domaintransfer,40.29,80.58,120.87,161.16,201.45,241.74,282.03,322.32,362.61,402.9
.firm.in,domaintransfer,7.99,,,,,,,,,
.firm.in,domainregister,7.99,15.98,23.97,31.96,39.95,47.94,55.93,63.92,71.91,79.9
.deals,domainrenew,25.29,50.58,75.87,101.16,126.45,151.74,177.03,202.32,227.61,252.9
.fish,domainregister,25.29,50.58,75.87,101.16,126.45,151.74,177.03,202.32,227.61,252.9
.digital,domainrenew,25.29,50.58,75.87,101.16,126.45,151.74,177.03,202.32,227.61,252.9
.fish,domaintransfer,25.29,50.58,75.87,101.16,126.45,151.74,177.03,202.32,227.61,252.9
.fishing,domaintransfer,25.99,,,,,,,,,
.fishing,domainregister,25.99,51.98,77.97,103.96,129.95,155.94,181.93,207.92,233.91,259.9
.direct,domainrenew,25.29,50.58,75.87,101.16,126.45,151.74,177.03,202.32,227.61,252.9
.fit,domaintransfer,25.99,,,,,,,,,
.fit,domainregister,25.99,51.98,77.97,103.96,129.95,155.94,181.93,207.92,233.91,259.9
.discount,domainrenew,25.29,50.58,75.87,101.16,126.45,151.74,177.03,202.32,227.61,252.9
.fitness,domainregister,9.99,35.28,75.87,101.16,126.45,151.74,177.03,202.32,227.61,252.9
.domains,domainrenew,25.29,50.58,75.87,101.16,126.45,151.74,177.03,202.32,227.61,252.9
.fitness,domaintransfer,25.29,50.58,75.87,101.16,126.45,151.74,177.03,202.32,227.61,252.9
.flights,domainregister,39.99,84.98,127.47,169.96,212.45,254.94,297.43,339.92,382.41,424.9
.enterprises,domainrenew,25.29,50.58,75.87,101.16,126.45,151.74,177.03,202.32,227.61,252.9
.flights,domaintransfer,42.79,80.58,120.87,161.16,201.45,241.74,282.03,322.32,362.61,402.9
.florist,domainregister,25.29,50.58,75.87,101.16,126.45,151.74,177.03,202.32,227.61,252.9
.estate,domainrenew,25.29,50.58,75.87,101.16,126.45,151.74,177.03,202.32,227.61,252.9
.florist,domaintransfer,25.29,50.58,75.87,101.16,126.45,151.74,177.03,202.32,227.61,252.9
.football,domainregister,17.59,35.18,52.77,70.36,87.95,105.54,123.13,140.72,158.31,175.9
.events,domainrenew,25.29,50.58,75.87,101.16,126.45,151.74,177.03,202.32,227.61,252.9
.football,domaintransfer,17.59,35.18,52.77,70.36,87.95,105.54,123.13,140.72,158.31,175.9
.foundation,domainregister,9.99,35.28,60.57,85.36,126.45,151.74,177.03,202.32,227.61,252.9
.exchange,domainrenew,25.29,50.58,75.87,101.16,126.45,151.74,177.03,202.32,227.61,252.9
.foundation,domaintransfer,25.29,50.58,75.87,101.16,126.45,151.74,177.03,202.32,227.61,252.9
.fund,domainregister,14.99,55.28,120.87,161.16,201.45,241.74,282.03,322.32,362.61,402.9
.fail,domainrenew,25.29,50.58,75.87,101.16,126.45,151.74,177.03,202.32,227.61,252.9
.fund,domaintransfer,40.29,80.58,120.87,161.16,201.45,241.74,282.03,322.32,362.61,402.9
.furniture,domainregister,40.29,80.58,120.87,161.16,201.45,241.74,282.03,322.32,362.61,402.9
.farm,domainrenew,25.29,50.58,75.87,101.16,126.45,151.74,177.03,202.32,227.61,252.9
.furniture,domaintransfer,40.29,80.58,120.87,161.16,201.45,241.74,282.03,322.32,362.61,402.9
.fyi,domainregister,9.99,35.18,52.77,70.36,87.95,105.54,123.13,140.72,158.31,175.9
.fish,domainrenew,25.29,50.58,75.87,101.16,126.45,151.74,177.03,202.32,227.61,252.9
.fyi,domaintransfer,17.59,35.18,52.77,70.36,87.95,105.54,123.13,140.72,158.31,175.9
.gallery,domainregister,17.29,34.58,51.87,69.16,86.45,103.74,121.03,138.32,155.61,172.9
.fitness,domainrenew,25.29,50.58,75.87,101.16,126.45,151.74,177.03,202.32,227.61,252.9
.gallery,domaintransfer,17.29,34.58,51.87,69.16,86.45,103.74,121.03,138.32,155.61,172.9
.game,domaintransfer,349,,,,,,,,,
.game,domainregister,349,698,1047,1396,1745,2094,2443,2792,3141,3490
.florist,domainrenew,25.29,50.58,75.87,101.16,126.45,151.74,177.03,202.32,227.61,252.9
.garden,domaintransfer,25.99,,,,,,,,,
.garden,domainregister,25.99,51.98,77.97,103.96,129.95,155.94,181.93,207.92,233.91,259.9
.foundation,domainrenew,25.29,50.58,75.87,101.16,126.45,151.74,177.03,202.32,227.61,252.9
.gen.in,domaintransfer,7.99,,,,,,,,,
.gen.in,domainregister,7.99,15.98,23.97,31.96,39.95,47.94,55.93,63.92,71.91,79.9
.gripe,domainrenew,25.29,50.58,75.87,101.16,126.45,151.74,177.03,202.32,227.61,252.9
.gift,domainregister,18.59,37.18,55.77,74.36,92.95,111.54,130.13,148.72,167.31,185.9
.guide,domainrenew,25.29,50.58,75.87,101.16,126.45,151.74,177.03,202.32,227.61,252.9
.gift,domaintransfer,18.59,37.18,55.77,74.36,92.95,111.54,130.13,148.72,167.31,185.9
.glass,domainregister,42.79,85.58,128.37,171.16,213.95,256.74,299.53,342.32,385.11,427.9
.guru,domainrenew,25.29,50.58,75.87,101.16,126.45,151.74,177.03,202.32,227.61,252.9
.glass,domaintransfer,42.79,50.58,75.87,101.16,126.45,151.74,177.03,202.32,227.61,252.9
.global,domainregister,62.99,125.98,188.97,251.96,314.95,377.94,440.93,503.92,566.91,629.9
.house,domainrenew,25.29,50.58,75.87,101.16,126.45,151.74,177.03,202.32,227.61,252.9
.global,domaintransfer,62.99,119.78,179.67,239.56,299.45,359.34,419.23,479.12,539.01,598.9
.gold,domainregister,4.99,10.98,16.97,22.96,28.95,34.94,40.93,647.92,728.91,809.9
.industries,domainrenew,25.29,50.58,75.87,101.16,126.45,151.74,177.03,202.32,227.61,252.9
.gold,domaintransfer,80.99,161.98,242.97,323.96,404.95,485.94,566.93,647.92,728.91,809.9
.golf,domainregister,4.99,81.18,121.77,162.36,202.95,243.54,284.13,324.72,365.31,405.9
.land,domainrenew,25.29,50.58,75.87,101.16,126.45,151.74,177.03,202.32,227.61,252.9
.golf,domaintransfer,40.59,81.18,121.77,162.36,202.95,243.54,284.13,324.72,365.31,405.9
.gov.vn,domainregister,40.99,81.98,122.97,163.96,204.95,245.94,286.93,327.92,368.91,409.9
.life,domainrenew,25.29,50.58,75.87,101.16,126.45,151.74,177.03,202.32,227.61,252.9
.graphics,domainregister,17.29,34.58,51.87,69.16,86.45,103.74,121.03,138.32,155.61,172.9
.limited,domainrenew,25.29,50.58,75.87,101.16,126.45,151.74,177.03,202.32,227.61,252.9
.graphics,domaintransfer,17.29,34.58,51.87,69.16,86.45,103.74,121.03,138.32,155.61,172.9
.gratis,domainregister,17.59,35.18,52.77,70.36,87.95,105.54,123.13,140.72,158.31,175.9
.marketing,domainrenew,25.29,50.58,75.87,101.16,126.45,151.74,177.03,202.32,227.61,252.9
.gratis,domaintransfer,17.59,35.18,52.77,70.36,87.95,105.54,123.13,140.72,158.31,175.9
.green,domaintransfer,68.99,,,,,,,,,
.green,domainregister,68.99,137.98,206.97,275.96,344.95,413.94,482.93,551.92,620.91,689.9
.media,domainrenew,25.29,50.58,75.87,101.16,126.45,151.74,177.03,202.32,227.61,252.9
.gripe,domainregister,25.29,50.58,75.87,101.16,126.45,151.74,177.03,202.32,227.61,252.9
.parts,domainrenew,25.29,50.58,75.87,101.16,126.45,151.74,177.03,202.32,227.61,252.9
.gripe,domaintransfer,25.29,50.58,75.87,101.16,126.45,151.74,177.03,202.32,227.61,252.9
.group,domainregister,12.99,25.98,38.97,51.96,64.95,77.94,90.93,103.92,116.91,129.9
.productions,domainrenew,25.29,50.58,75.87,101.16,126.45,151.74,177.03,202.32,227.61,252.9
.group,domaintransfer,17.59,35.18,52.77,70.36,87.95,105.54,123.13,140.72,158.31,175.9
.guide,domainregister,25.29,50.58,75.87,101.16,126.45,151.74,177.03,202.32,227.61,252.9
.properties,domainrenew,25.29,50.58,75.87,101.16,126.45,151.74,177.03,202.32,227.61,252.9
.guide,domaintransfer,25.29,50.58,75.87,101.16,126.45,151.74,177.03,202.32,227.61,252.9
.guitars,domainregister,123.99,247.98,371.97,495.96,619.95,743.94,867.93,991.92,1115.91,1239.9
.rentals,domainrenew,25.29,50.58,75.87,101.16,126.45,151.74,177.03,202.32,227.61,252.9
.guitars,domaintransfer,123.99,57.98,86.97,115.96,144.95,173.94,202.93,231.92,260.91,289.9
.guru,domainregister,3.99,29.28,54.57,22.96,28.95,34.94,40.93,46.92,227.61,252.9
.repair,domainrenew,25.29,50.58,75.87,101.16,126.45,151.74,177.03,202.32,227.61,252.9
.guru,domaintransfer,25.29,50.58,75.87,101.16,126.45,151.74,177.03,202.32,227.61,252.9
.health.vn,domainregister,40.99,81.98,122.97,163.96,204.95,245.94,286.93,327.92,368.91,409.9
.services,domainrenew,25.29,50.58,75.87,101.16,126.45,151.74,177.03,202.32,227.61,252.9
.healthcare,domainregister,40.59,81.18,121.77,162.36,202.95,243.54,284.13,324.72,365.31,405.9
.singles,domainrenew,25.29,50.58,75.87,101.16,126.45,151.74,177.03,202.32,227.61,252.9
.healthcare,domaintransfer,40.59,81.18,121.77,162.36,202.95,243.54,284.13,324.72,365.31,405.9
.hiphop,domainregister,123.99,247.98,371.97,495.96,619.95,743.94,867.93,991.92,1115.91,1239.9
.tools,domainrenew,25.29,50.58,75.87,101.16,126.45,151.74,177.03,202.32,227.61,252.9
.hiphop,domaintransfer,123.99,37.18,55.77,74.36,92.95,111.54,130.13,148.72,167.31,185.9
.hockey,domainregister,40.59,81.18,121.77,162.36,202.95,243.54,284.13,324.72,365.31,405.9
.town,domainrenew,25.29,50.58,75.87,101.16,126.45,151.74,177.03,202.32,227.61,252.9
.hockey,domaintransfer,40.59,81.18,121.77,162.36,202.95,243.54,284.13,324.72,365.31,405.9
.holdings,domainregister,42.29,84.58,126.87,169.16,211.45,253.74,296.03,338.32,380.61,422.9
.training,domainrenew,25.29,50.58,75.87,101.16,126.45,151.74,177.03,202.32,227.61,252.9
.holdings,domaintransfer,42.29,50.58,75.87,101.16,126.45,151.74,177.03,202.32,227.61,252.9
.horse,domaintransfer,25.99,,,,,,,,,
.horse,domainregister,25.99,51.98,77.97,103.96,129.95,155.94,181.93,207.92,233.91,259.9
.vacations,domainrenew,25.29,50.58,75.87,101.16,126.45,151.74,177.03,202.32,227.61,252.9
.host,domainregister,35.99,114.58,193.17,271.76,392.95,471.54,550.13,628.72,707.31,785.9
.vision,domainrenew,25.29,50.58,75.87,101.16,126.45,151.74,177.03,202.32,227.61,252.9
.host,domaintransfer,78.59,157.18,235.77,314.36,392.95,471.54,550.13,628.72,707.31,785.9
.hosting,domainregister,363.99,727.98,1091.97,1455.96,1819.95,2183.94,2547.93,2911.92,3275.91,3639.9
.watch,domainrenew,25.29,50.58,75.87,101.16,126.45,151.74,177.03,202.32,227.61,252.9
.hosting,domaintransfer,363.99,57.98,86.97,115.96,144.95,173.94,202.93,231.92,260.91,289.9
.house,domainregister,13.49,38.78,64.07,89.36,126.45,151.74,177.03,202.32,227.61,252.9
.works,domainrenew,25.29,50.58,75.87,101.16,126.45,151.74,177.03,202.32,227.61,252.9
.house,domaintransfer,25.29,50.58,75.87,101.16,126.45,151.74,177.03,202.32,227.61,252.9
.immo,domainregister,25.59,51.18,76.77,102.36,127.95,153.54,179.13,204.72,230.31,255.9
.wtf,domainrenew,25.29,50.58,75.87,101.16,126.45,151.74,177.03,202.32,227.61,252.9
.immo,domaintransfer,25.59,51.18,76.77,102.36,127.95,153.54,179.13,204.72,230.31,255.9
.in,domaintransfer,11.39,,,,,,,,,
.in,domainregister,11.39,22.78,34.17,45.56,56.95,68.34,79.73,91.12,102.51,113.9
.zone,domainrenew,25.29,30.28,75.87,101.16,126.45,151.74,177.03,202.32,227.61,252.9
.ind.in,domaintransfer,7.99,,,,,,,,,
.ind.in,domainregister,7.99,15.98,23.97,31.96,39.95,47.94,55.93,63.92,71.91,79.9
.cafe,domainrenew,25.59,51.18,76.77,102.36,127.95,153.54,179.13,204.72,230.31,255.9
.industries,domainregister,25.29,50.58,75.87,101.16,126.45,151.74,177.03,202.32,227.61,252.9
.chat,domainrenew,25.59,51.18,76.77,102.36,127.95,153.54,179.13,204.72,230.31,255.9
.industries,domaintransfer,25.29,50.58,75.87,101.16,126.45,151.74,177.03,202.32,227.61,252.9
.info,domaintransfer,13.99,,,,,,,,,
.info,domainregister,3.94,17.93,31.92,45.91,66.15,79.38,92.61,105.84,119.07,132.3
.express,domainrenew,25.59,51.18,76.77,102.36,127.95,153.54,179.13,204.72,230.31,255.9
.info.vn,domainregister,40.99,81.98,122.97,163.96,204.95,245.94,286.93,327.92,368.91,409.9
.immo,domainrenew,25.59,51.18,76.77,102.36,127.95,153.54,179.13,204.72,230.31,255.9
.ink,domainregister,22.99,45.98,68.97,91.96,114.95,137.94,160.93,183.92,206.91,229.9
.mba,domainrenew,25.59,51.18,76.77,102.36,127.95,153.54,179.13,204.72,230.31,255.9
.ink,domaintransfer,24.59,49.18,73.77,98.36,122.95,147.54,172.13,196.72,221.31,245.9
.institute,domainregister,9.99,27.28,51.87,69.16,86.45,103.74,121.03,138.32,155.61,172.9
.money,domainrenew,25.59,51.18,76.77,102.36,127.95,153.54,179.13,204.72,230.31,255.9
.institute,domaintransfer,17.29,34.58,51.87,69.16,86.45,103.74,121.03,138.32,155.61,172.9
.insure,domainregister,40.59,81.18,121.77,162.36,202.95,243.54,284.13,324.72,365.31,405.9
.place,domainrenew,25.59,51.18,76.77,102.36,127.95,153.54,179.13,204.72,230.31,255.9
.insure,domaintransfer,40.59,81.18,121.77,162.36,202.95,243.54,284.13,324.72,365.31,405.9
.int.vn,domainregister,40.99,81.98,122.97,163.96,204.95,245.94,286.93,327.92,368.91,409.9
.plus,domainrenew,25.59,51.18,76.77,102.36,127.95,153.54,179.13,204.72,230.31,255.9
.international,domainregister,11.99,29.28,46.57,69.16,86.45,103.74,121.03,138.32,155.61,172.9
.school,domainrenew,25.59,51.18,76.77,102.36,127.95,153.54,179.13,204.72,230.31,255.9
.international,domaintransfer,17.29,34.58,51.87,69.16,86.45,103.74,121.03,138.32,155.61,172.9
.investments,domainregister,19.99,147.18,220.77,294.36,367.95,441.54,515.13,588.72,662.31,735.9
.show,domainrenew,25.59,51.18,76.77,102.36,127.95,153.54,179.13,204.72,230.31,255.9
.investments,domaintransfer,73.59,147.18,220.77,294.36,367.95,441.54,515.13,588.72,662.31,735.9
.io,domaintransfer,57.99,,,,,,,,,
.io,domainregister,57.99,115.98,173.97,231.96,289.95,347.94,405.93,463.92,521.91,579.9
.style,domainrenew,25.59,51.18,76.77,102.36,127.95,153.54,179.13,204.72,230.31,255.9
.jewelry,domainregister,40.59,81.18,121.77,162.36,202.95,243.54,284.13,324.72,365.31,405.9
.team,domainrenew,25.59,51.18,76.77,102.36,127.95,153.54,179.13,204.72,230.31,255.9
.jewelry,domaintransfer,40.59,81.18,121.77,162.36,202.95,243.54,284.13,324.72,365.31,405.9
.juegos,domainregister,363.99,727.98,1091.97,1455.96,1819.95,2183.94,2547.93,2911.92,3275.91,3639.9
.world,domainrenew,25.59,51.18,76.77,102.36,127.95,153.54,179.13,204.72,230.31,255.9
.juegos,domaintransfer,363.99,29.98,44.97,59.96,74.95,89.94,104.93,119.92,134.91,149.9
.jur.pro,domaintransfer,199,,,,,,,,,
.jur.pro,domainregister,199,398,597,796,995,1194,1393,1592,1791,1990
.accountant,domainrenew,25.69,51.38,77.07,102.76,128.45,154.14,179.83,205.52,231.21,256.9
.kim,domaintransfer,23.38,,,,,,,,,
.kim,domainregister,3.49,26.57,38.97,51.96,64.95,77.94,90.93,103.92,116.91,129.9
.cricket,domainrenew,25.69,51.38,77.07,102.76,128.45,154.14,179.83,205.52,231.21,256.9
.kitchen,domainregister,19.99,84.98,127.47,169.96,212.45,254.94,297.43,339.92,382.41,424.9
.beer,domainrenew,25.99,51.98,77.97,103.96,129.95,155.94,181.93,207.92,233.91,259.9
.kitchen,domaintransfer,42.49,50.58,75.87,101.16,126.45,151.74,177.03,202.32,227.61,252.9
.kiwi,domainregister,34.59,69.18,103.77,138.36,172.95,207.54,242.13,276.72,311.31,345.9
.cn,domainrenew,25.99,51.98,77.97,103.96,129.95,155.94,181.93,207.92,233.91,259.9
.kiwi,domaintransfer,34.59,65.98,98.97,131.96,164.95,197.94,230.93,263.92,296.91,329.9
.l.lc,domainregister,22.99,45.98,68.97,91.96,114.95,137.94,160.93,183.92,206.91,229.9
.cooking,domainrenew,25.99,51.98,77.97,103.96,129.95,155.94,181.93,207.92,233.91,259.9
.l.lc,domaintransfer,22.99,45.98,68.97,91.96,114.95,137.94,160.93,183.92,206.91,229.9
.land,domainregister,19.99,35.28,75.87,101.16,126.45,151.74,177.03,202.32,227.61,252.9
.country,domainrenew,25.99,51.98,77.97,103.96,129.95,155.94,181.93,207.92,233.91,259.9
.land,domaintransfer,25.29,50.58,75.87,101.16,126.45,151.74,177.03,202.32,227.61,252.9
.law.pro,domaintransfer,199,,,,,,,,,
.law.pro,domainregister,199,398,597,796,995,1194,1393,1592,1791,1990
.fashion,domainrenew,25.99,51.98,77.97,103.96,129.95,155.94,181.93,207.92,233.91,259.9
.lc,domainregister,27.99,55.98,83.97,111.96,139.95,167.94,195.93,223.92,251.91,279.9
.fishing,domainrenew,25.99,51.98,77.97,103.96,129.95,155.94,181.93,207.92,233.91,259.9
.lc,domaintransfer,27.99,55.98,83.97,111.96,139.95,167.94,195.93,223.92,251.91,279.9
.lease,domainregister,42.29,84.58,126.87,169.16,211.45,253.74,296.03,338.32,380.61,422.9
.fit,domainrenew,25.99,51.98,77.97,103.96,129.95,155.94,181.93,207.92,233.91,259.9
.lease,domaintransfer,42.29,80.58,120.87,161.16,201.45,241.74,282.03,322.32,362.61,402.9
.legal,domainregister,40.59,81.18,121.77,162.36,202.95,243.54,284.13,324.72,365.31,405.9
.garden,domainrenew,25.99,51.98,77.97,103.96,129.95,155.94,181.93,207.92,233.91,259.9
.legal,domaintransfer,40.59,81.18,121.77,162.36,202.95,243.54,284.13,324.72,365.31,405.9
.lgbt,domaintransfer,37.59,,,,,,,,,
.lgbt,domainregister,10.99,75.18,112.77,150.36,187.95,225.54,263.13,300.72,338.31,375.9
.horse,domainrenew,25.99,51.98,77.97,103.96,129.95,155.94,181.93,207.92,233.91,259.9
.life,domainregister,4.99,30.28,75.87,101.16,126.45,151.74,177.03,202.32,227.61,252.9
.love,domainrenew,25.99,51.98,77.97,103.96,129.95,155.94,181.93,207.92,233.91,259.9
.life,domaintransfer,25.29,50.58,75.87,101.16,126.45,151.74,177.03,202.32,227.61,252.9
.lighting,domainregister,17.29,34.58,51.87,69.16,86.45,103.74,121.03,138.32,155.61,172.9
.nyc,domainrenew,25.99,51.98,77.97,103.96,129.95,155.94,181.93,207.92,233.91,259.9
.lighting,domaintransfer,17.29,34.58,51.87,69.16,86.45,103.74,121.03,138.32,155.61,172.9
.limited,domainregister,25.29,50.58,75.87,101.16,126.45,151.74,177.03,202.32,227.61,252.9
.rodeo,domainrenew,25.99,51.98,77.97,103.96,129.95,155.94,181.93,207.92,233.91,259.9
.limited,domaintransfer,25.29,50.58,75.87,101.16,126.45,151.74,177.03,202.32,227.61,252.9
.limo,domainregister,43.29,86.58,129.87,173.16,216.45,259.74,303.03,346.32,389.61,432.9
.surf,domainrenew,25.99,51.98,77.97,103.96,129.95,155.94,181.93,207.92,233.91,259.9
.limo,domaintransfer,43.29,80.58,120.87,161.16,201.45,241.74,282.03,322.32,362.61,402.9
.link,domainregister,9.99,19.98,29.97,39.96,49.95,59.94,69.93,79.92,89.91,99.9
.vodka,domainrenew,25.99,51.98,77.97,103.96,129.95,155.94,181.93,207.92,233.91,259.9
.link,domaintransfer,9.99,17.98,26.97,35.96,44.95,53.94,62.93,71.92,80.91,89.9
.loan,domaintransfer,5.49,,,,,,,,,
.loan,domainregister,5.49,10.98,16.47,21.96,27.45,32.94,38.43,43.92,49.41,54.9
.wedding,domainrenew,25.99,51.98,77.97,103.96,129.95,155.94,181.93,207.92,233.91,259.9
.loans,domainregister,19.99,161.98,242.97,323.96,404.95,485.94,566.93,647.92,728.91,809.9
.yoga,domainrenew,25.99,51.98,77.97,103.96,129.95,155.94,181.93,207.92,233.91,259.9
.loans,domaintransfer,80.99,161.98,242.97,323.96,404.95,485.94,566.93,647.92,728.91,809.9
.lotto,domaintransfer,1859,,,,,,,,,
.lotto,domainregister,1859,3718,5577,7436,9295,11154,13013,14872,16731,18590
.blog,domainrenew,26.59,53.18,79.77,106.36,132.95,159.54,186.13,212.72,239.31,265.9
.love,domaintransfer,25.99,,,,,,,,,
.love,domainregister,25.99,51.98,77.97,103.96,129.95,155.94,181.93,207.92,233.91,259.9
.feedback,domainrenew,26.59,53.18,79.77,106.36,132.95,159.54,186.13,212.72,239.31,265.9
.ltd,domainregister,11.99,29.58,45.17,20.96,26.95,32.94,123.13,140.72,158.31,175.9
.pics,domainrenew,27.59,55.18,82.77,110.36,137.95,165.54,193.13,220.72,248.31,275.9
.ltd,domaintransfer,17.59,35.18,52.77,70.36,87.95,105.54,123.13,140.72,158.31,175.9
.ltd.uk,domainregister,11.59,17.98,26.97,35.96,44.95,53.94,62.93,71.92,80.91,89.9
.study,domainrenew,27.59,55.18,82.77,110.36,137.95,165.54,193.13,220.72,248.31,275.9
.maison,domainregister,42.99,85.98,128.97,171.96,214.95,257.94,300.93,343.92,386.91,429.9
.bz,domainrenew,27.99,55.98,83.97,111.96,139.95,167.94,195.93,223.92,251.91,279.9
.maison,domaintransfer,42.99,80.58,120.87,161.16,201.45,241.74,282.03,322.32,362.61,402.9
.management,domainregister,17.29,34.58,51.87,69.16,86.45,103.74,121.03,138.32,155.61,172.9
.lc,domainrenew,27.99,55.98,83.97,111.96,139.95,167.94,195.93,223.92,251.91,279.9
.management,domaintransfer,17.29,34.58,51.87,69.16,86.45,103.74,121.03,138.32,155.61,172.9
.marketing,domainregister,9.99,50.58,75.87,101.16,126.45,151.74,177.03,202.32,227.61,252.9
.cat,domainrenew,28.99,57.98,86.97,115.96,144.95,173.94,202.93,231.92,260.91,289.9
.marketing,domaintransfer,25.29,50.58,75.87,101.16,126.45,151.74,177.03,202.32,227.61,252.9
.mba,domainregister,25.59,51.18,76.77,102.36,127.95,153.54,179.13,204.72,230.31,255.9
.photo,domainrenew,28.99,57.98,86.97,115.96,144.95,173.94,202.93,231.92,260.91,289.9
.mba,domaintransfer,25.59,51.18,76.77,102.36,127.95,153.54,179.13,204.72,230.31,255.9
.me,domainregister,9.99,19.98,29.97,39.96,49.95,59.94,69.93,79.92,89.91,99.9
.cc,domainrenew,29,58,87,116,145,174,203,232,261,290
.me,domaintransfer,29.99,59.98,89.97,119.96,149.95,179.94,209.93,239.92,269.91,299.9
.me.uk,domainregister,11.59,17.98,26.97,35.96,44.95,53.94,62.93,71.92,80.91,89.9
.me,domainrenew,29.99,59.98,89.97,119.96,149.95,179.94,209.93,239.92,269.91,299.9
.med.pro,domaintransfer,199,,,,,,,,,
.med.pro,domainregister,199,398,597,796,995,1194,1393,1592,1791,1990
.co,domainrenew,30,60,90,120,150,180,210,240,270,300
.media,domainregister,14.99,35.28,75.87,101.16,126.45,151.74,177.03,202.32,227.61,252.9
.rest,domainrenew,31.59,63.18,94.77,126.36,157.95,189.54,221.13,252.72,284.31,315.9
.media,domaintransfer,25.29,50.58,75.87,101.16,126.45,151.74,177.03,202.32,227.61,252.9
.memorial,domainregister,40.59,81.18,121.77,162.36,202.95,243.54,284.13,324.72,365.31,405.9
.shop,domainrenew,32.59,65.18,97.77,130.36,162.95,195.54,228.13,260.72,293.31,325.9
.memorial,domaintransfer,40.59,81.18,121.77,162.36,202.95,243.54,284.13,324.72,365.31,405.9
.men,domaintransfer,5.49,,,,,,,,,
.men,domainregister,5.49,10.98,16.47,21.96,27.45,32.94,38.43,43.92,49.41,54.9
.courses,domainrenew,34.59,69.18,103.77,138.36,172.95,207.54,242.13,276.72,311.31,345.9
.menu,domaintransfer,34.59,,,,,,,,,
.menu,domainregister,34.59,69.18,103.77,138.36,172.95,207.54,242.13,276.72,311.31,345.9
.kiwi,domainrenew,34.59,69.18,103.77,138.36,172.95,207.54,242.13,276.72,311.31,345.9
.mn,domainregister,55.99,111.98,167.97,223.96,279.95,335.94,391.93,447.92,503.91,559.9
.menu,domainrenew,34.59,69.18,103.77,138.36,172.95,207.54,242.13,276.72,311.31,345.9
.mn,domaintransfer,55.99,111.98,167.97,223.96,279.95,335.94,391.93,447.92,503.91,559.9
.mobi,domaintransfer,22.24,,,,,,,,,
.mobi,domainregister,4.54,26.78,49.02,71.26,83.55,103.54,123.53,143.52,163.51,183.5
.bayern,domainrenew,36.99,73.98,110.97,147.96,184.95,221.94,258.93,295.92,332.91,369.9
.money,domainregister,9.99,51.18,76.77,102.36,127.95,153.54,179.13,204.72,230.31,255.9
.lgbt,domainrenew,37.59,75.18,112.77,150.36,187.95,225.54,263.13,300.72,338.31,375.9
.money,domaintransfer,25.59,51.18,76.77,102.36,127.95,153.54,179.13,204.72,230.31,255.9
.movie,domainregister,299,598,897,1196,1495,1794,2093,2392,2691,2990
.online,domainrenew,39.99,79.98,119.97,159.96,199.95,227.94,265.93,303.92,341.91,379.9
.movie,domaintransfer,299,598,897,1196,1495,1794,2093,2392,2691,2990
.nagoya,domainregister,11.59,23.18,34.77,46.36,57.95,69.54,81.13,92.72,104.31,115.9
.tv,domainrenew,38,76,114,152,190,228,266,304,342,380
.nagoya,domaintransfer,11.59,23.18,34.77,46.36,57.95,69.54,81.13,92.72,104.31,115.9
.name,domaintransfer,10.99,,,,,,,,,
.name,domainregister,10.99,21.98,32.97,43.96,54.95,65.94,76.93,87.92,98.91,109.9
.tattoo,domainrenew,39.59,79.18,118.77,158.36,197.95,237.54,277.13,316.72,356.31,395.9
.name.vn,domainregister,40.99,81.98,122.97,163.96,204.95,245.94,286.93,327.92,368.91,409.9
.com.tw,domainrenew,39.99,79.98,119.97,159.96,199.95,239.94,279.93,319.92,359.91,399.9
.net,domaintransfer,13.05,,,,,,,,,
.net,domainregister,13.05,26.1,39.15,52.2,65.25,78.3,91.35,104.4,117.45,130.5
.net.tw,domainrenew,39.99,79.98,119.97,159.96,199.95,239.94,279.93,319.92,359.91,399.9
.net.ag,domainregister,72.99,145.98,218.97,291.96,364.95,437.94,510.93,583.92,656.91,729.9
.org.tw,domainrenew,39.99,79.98,119.97,159.96,199.95,239.94,279.93,319.92,359.91,399.9
.net.ag,domaintransfer,72.99,145.98,218.97,291.96,364.95,437.94,510.93,583.92,656.91,729.9
.net.co,domaintransfer,18,,,,,,,,,
.net.co,domainregister,30,60,90,120,150,180,210,240,270,300
.careers,domainrenew,40.29,80.58,120.87,161.16,201.45,241.74,282.03,322.32,362.61,402.9
.net.in,domaintransfer,7.99,,,,,,,,,
.net.in,domainregister,7.99,15.98,23.97,31.96,39.95,47.94,55.93,63.92,71.91,79.9
.clinic,domainrenew,40.29,80.58,120.87,161.16,201.45,241.74,282.03,322.32,362.61,402.9
.net.lc,domainregister,22.99,45.98,68.97,91.96,114.95,137.94,160.93,183.92,206.91,229.9
.dental,domainrenew,40.29,80.58,120.87,161.16,201.45,241.74,282.03,322.32,362.61,402.9
.net.lc,domaintransfer,22.99,45.98,68.97,91.96,114.95,137.94,160.93,183.92,206.91,229.9
.net.tw,domainregister,39.99,79.98,119.97,159.96,199.95,239.94,279.93,319.92,359.91,399.9
.financial,domainrenew,40.29,80.58,120.87,161.16,201.45,241.74,282.03,322.32,362.61,402.9
.net.uk,domainregister,11.59,17.98,26.97,35.96,44.95,53.94,62.93,71.92,80.91,89.9
.fund,domainrenew,40.29,80.58,120.87,161.16,201.45,241.74,282.03,322.32,362.61,402.9
.net.vc,domainregister,40.99,81.98,122.97,163.96,204.95,245.94,286.93,327.92,368.91,409.9
.furniture,domainrenew,40.29,80.58,120.87,161.16,201.45,241.74,282.03,322.32,362.61,402.9
.net.vc,domaintransfer,40.99,81.98,122.97,163.96,204.95,245.94,286.93,327.92,368.91,409.9
.net.vn,domainregister,40.99,81.98,122.97,163.96,204.95,245.94,286.93,327.92,368.91,409.9
.restaurant,domainrenew,40.29,80.58,120.87,161.16,201.45,241.74,282.03,322.32,362.61,402.9
.network,domainregister,5.99,23.28,40.57,70.36,87.95,105.54,123.13,140.72,158.31,175.9
.surgery,domainrenew,40.29,80.58,120.87,161.16,201.45,241.74,282.03,322.32,362.61,402.9
.network,domaintransfer,17.59,35.18,52.77,70.36,87.95,105.54,123.13,140.72,158.31,175.9
.nom.ag,domainregister,72.99,145.98,218.97,291.96,364.95,437.94,510.93,583.92,656.91,729.9
.tax,domainrenew,40.29,80.58,120.87,161.16,201.45,241.74,282.03,322.32,362.61,402.9
.nom.ag,domaintransfer,72.99,145.98,218.97,291.96,364.95,437.94,510.93,583.92,656.91,729.9
.nom.co,domaintransfer,18,,,,,,,,,
.nom.co,domainregister,30,60,90,120,150,180,210,240,270,300
.apartments,domainrenew,40.59,81.18,121.77,162.36,202.95,243.54,284.13,324.72,365.31,405.9
.nyc,domainregister,25.99,51.98,77.97,103.96,129.95,155.94,181.93,207.92,233.91,259.9
.bingo,domainrenew,40.59,81.18,121.77,162.36,202.95,243.54,284.13,324.72,365.31,405.9
.nyc,domaintransfer,25.99,51.98,77.97,103.96,129.95,155.94,181.93,207.92,233.91,259.9
.one,domaintransfer,9.89,,,,,,,,,
.one,domainregister,9.89,19.78,29.67,39.56,49.45,59.34,69.23,79.12,89.01,98.9
.business,domainrenew,40.59,81.18,121.77,162.36,202.95,243.54,284.13,324.72,365.31,405.9
.online,domaintransfer,39.99,,,,,,,,,
.online,domainregister,1.99,41.98,81.97,121.96,199.95,239.94,279.93,319.92,359.91,399.9
.claims,domainrenew,40.59,81.18,121.77,162.36,202.95,243.54,284.13,324.72,365.31,405.9
.org,domaintransfer,12.19,,,,,,,,,
.org,domainregister,8.99,24.38,36.57,48.76,60.95,73.14,85.33,97.52,109.71,121.9
.coach,domainrenew,40.59,81.18,121.77,162.36,202.95,243.54,284.13,324.72,365.31,405.9
.org.ag,domainregister,72.99,145.98,218.97,291.96,364.95,437.94,510.93,583.92,656.91,729.9
.coupons,domainrenew,40.59,81.18,121.77,162.36,202.95,243.54,284.13,324.72,365.31,405.9
.org.ag,domaintransfer,72.99,145.98,218.97,291.96,364.95,437.94,510.93,583.92,656.91,729.9
.org.in,domaintransfer,7.99,,,,,,,,,
.org.in,domainregister,7.99,15.98,23.97,31.96,39.95,47.94,55.93,63.92,71.91,79.9
.delivery,domainrenew,40.59,81.18,121.77,162.36,202.95,243.54,284.13,324.72,365.31,405.9
.org.lc,domainregister,22.99,45.98,68.97,91.96,114.95,137.94,160.93,183.92,206.91,229.9
.finance,domainrenew,40.59,81.18,121.77,162.36,202.95,243.54,284.13,324.72,365.31,405.9
.org.lc,domaintransfer,22.99,45.98,68.97,91.96,114.95,137.94,160.93,183.92,206.91,229.9
.org.tw,domainregister,39.99,79.98,119.97,159.96,199.95,239.94,279.93,319.92,359.91,399.9
.golf,domainrenew,40.59,81.18,121.77,162.36,202.95,243.54,284.13,324.72,365.31,405.9
.org.uk,domainregister,11.59,17.98,26.97,35.96,44.95,53.94,62.93,71.92,80.91,89.9
.healthcare,domainrenew,40.59,81.18,121.77,162.36,202.95,243.54,284.13,324.72,365.31,405.9
.org.vc,domainregister,40.99,81.98,122.97,163.96,204.95,245.94,286.93,327.92,368.91,409.9
.hockey,domainrenew,40.59,81.18,121.77,162.36,202.95,243.54,284.13,324.72,365.31,405.9
.org.vc,domaintransfer,40.99,81.98,122.97,163.96,204.95,245.94,286.93,327.92,368.91,409.9
.org.vn,domainregister,40.99,81.98,122.97,163.96,204.95,245.94,286.93,327.92,368.91,409.9
.insure,domainrenew,40.59,81.18,121.77,162.36,202.95,243.54,284.13,324.72,365.31,405.9
.organic,domaintransfer,68.99,,,,,,,,,
.organic,domainregister,68.99,137.98,206.97,275.96,344.95,413.94,482.93,551.92,620.91,689.9
.jewelry,domainrenew,40.59,81.18,121.77,162.36,202.95,243.54,284.13,324.72,365.31,405.9
.p.lc,domainregister,22.99,45.98,68.97,91.96,114.95,137.94,160.93,183.92,206.91,229.9
.legal,domainrenew,40.59,81.18,121.77,162.36,202.95,243.54,284.13,324.72,365.31,405.9
.p.lc,domaintransfer,22.99,45.98,68.97,91.96,114.95,137.94,160.93,183.92,206.91,229.9
.partners,domainregister,19.99,85.98,128.97,171.96,214.95,257.94,300.93,343.92,386.91,429.9
.memorial,domainrenew,40.59,81.18,121.77,162.36,202.95,243.54,284.13,324.72,365.31,405.9
.partners,domaintransfer,42.99,80.58,120.87,161.16,201.45,241.74,282.03,322.32,362.61,402.9
.parts,domainregister,19.99,50.58,75.87,101.16,126.45,151.74,177.03,202.32,227.61,252.9
.pizza,domainrenew,40.59,81.18,121.77,162.36,202.95,243.54,284.13,324.72,365.31,405.9
.parts,domaintransfer,25.29,50.58,75.87,101.16,126.45,151.74,177.03,202.32,227.61,252.9
.party,domaintransfer,5.49,,,,,,,,,
.party,domainregister,5.49,10.98,16.47,21.96,27.45,32.94,38.43,43.92,49.41,54.9
.salon,domainrenew,40.59,81.18,121.77,162.36,202.95,243.54,284.13,324.72,365.31,405.9
.pet,domaintransfer,23.38,,,,,,,,,
.pet,domainregister,3.49,26.87,38.97,51.96,64.95,77.94,90.93,103.92,116.91,129.9
.tennis,domainrenew,40.59,81.18,121.77,162.36,202.95,243.54,284.13,324.72,365.31,405.9
.photo,domainregister,28.99,57.98,86.97,115.96,144.95,173.94,202.93,231.92,260.91,289.9
.theater,domainrenew,40.59,81.18,121.77,162.36,202.95,243.54,284.13,324.72,365.31,405.9
.photo,domaintransfer,28.99,57.98,86.97,115.96,144.95,173.94,202.93,231.92,260.91,289.9
.photography,domainregister,17.29,34.58,51.87,69.16,86.45,103.74,121.03,138.32,155.61,172.9
.tours,domainrenew,40.59,81.18,121.77,162.36,202.95,243.54,284.13,324.72,365.31,405.9
.photography,domaintransfer,17.29,34.58,51.87,69.16,86.45,103.74,121.03,138.32,155.61,172.9
.photos,domainregister,4.99,28.28,44.07,61.36,86.45,103.74,121.03,138.32,155.61,172.9
.vin,domainrenew,40.59,81.18,121.77,162.36,202.95,243.54,284.13,324.72,365.31,405.9
.photos,domaintransfer,17.29,34.58,51.87,69.16,86.45,103.74,121.03,138.32,155.61,172.9
.pics,domainregister,27.59,55.18,82.77,110.36,137.95,165.54,193.13,220.72,248.31,275.9
.wine,domainrenew,40.59,81.18,121.77,162.36,202.95,243.54,284.13,324.72,365.31,405.9
.pics,domaintransfer,27.59,37.18,55.77,74.36,92.95,111.54,130.13,148.72,167.31,185.9
.pictures,domainregister,4.99,13.98,26.97,35.96,44.95,53.94,62.93,71.92,80.91,89.9
.ac.vn,domainrenew,40.99,81.98,122.97,163.96,204.95,245.94,286.93,327.92,368.91,409.9
.pictures,domaintransfer,8.99,17.98,26.97,35.96,44.95,53.94,62.93,71.92,80.91,89.9
.pink,domaintransfer,23.38,,,,,,,,,
.pink,domainregister,3.49,26.87,38.97,51.96,64.95,77.94,90.93,103.92,116.91,129.9
.com.vc,domainrenew,40.99,81.98,122.97,163.96,204.95,245.94,286.93,327.92,368.91,409.9
.pizza,domainregister,14.99,81.18,121.77,162.36,202.95,243.54,284.13,324.72,365.31,405.9
.edu.vn,domainrenew,40.99,81.98,122.97,163.96,204.95,245.94,286.93,327.92,368.91,409.9
.pizza,domaintransfer,40.59,81.18,121.77,162.36,202.95,243.54,284.13,324.72,365.31,405.9
.place,domainregister,25.59,51.18,76.77,102.36,127.95,153.54,179.13,204.72,230.31,255.9
.gov.vn,domainrenew,40.99,81.98,122.97,163.96,204.95,245.94,286.93,327.92,368.91,409.9
.place,domaintransfer,25.59,51.18,76.77,102.36,127.95,153.54,179.13,204.72,230.31,255.9
.plc.uk,domainregister,11.59,17.98,26.97,35.96,44.95,53.94,62.93,71.92,80.91,89.9
.health.vn,domainrenew,40.99,81.98,122.97,163.96,204.95,245.94,286.93,327.92,368.91,409.9
.plumbing,domainregister,42.79,85.58,128.37,171.16,213.95,256.74,299.53,342.32,385.11,427.9
.info.vn,domainrenew,40.99,81.98,122.97,163.96,204.95,245.94,286.93,327.92,368.91,409.9
.plumbing,domaintransfer,42.79,50.58,75.87,101.16,126.45,151.74,177.03,202.32,227.61,252.9
.plus,domainregister,9.99,30.17,39.17,22.96,28.95,153.54,179.13,204.72,230.31,255.9
.int.vn,domainrenew,40.99,81.98,122.97,163.96,204.95,245.94,286.93,327.92,368.91,409.9
.plus,domaintransfer,25.59,51.18,76.77,102.36,127.95,153.54,179.13,204.72,230.31,255.9
.poker,domaintransfer,69.41,,,,,,,,,
.poker,domainregister,10.99,80.4,112.77,150.36,187.95,225.54,263.13,300.72,338.31,375.9
.name.vn,domainrenew,40.99,81.98,122.97,163.96,204.95,245.94,286.93,327.92,368.91,409.9
.porn,domaintransfer,100,,,,,,,,,
.porn,domainregister,100,200,300,400,500,600,700,800,900,1000
.net.vc,domainrenew,40.99,81.98,122.97,163.96,204.95,245.94,286.93,327.92,368.91,409.9
.press,domainregister,30.99,92.58,154.17,215.76,307.95,369.54,431.13,492.72,554.31,615.9
.net.vn,domainrenew,40.99,81.98,122.97,163.96,204.95,245.94,286.93,327.92,368.91,409.9
.press,domaintransfer,61.59,123.18,184.77,246.36,307.95,369.54,431.13,492.72,554.31,615.9
.pro,domaintransfer,16.08,,,,,,,,,
.pro,domainregister,3.72,19.8,35.88,51.96,60.55,74.51,88.53,102.52,116.51,130.5
.org.vc,domainrenew,40.99,81.98,122.97,163.96,204.95,245.94,286.93,327.92,368.91,409.9
.pro.vn,domainregister,40.99,81.98,122.97,163.96,204.95,245.94,286.93,327.92,368.91,409.9
.org.vn,domainrenew,40.99,81.98,122.97,163.96,204.95,245.94,286.93,327.92,368.91,409.9
.productions,domainregister,9.99,35.28,75.87,101.16,126.45,151.74,177.03,202.32,227.61,252.9
.pro.vn,domainrenew,40.99,81.98,122.97,163.96,204.95,245.94,286.93,327.92,368.91,409.9
.productions,domaintransfer,25.29,50.58,75.87,101.16,126.45,151.74,177.03,202.32,227.61,252.9
.properties,domainregister,9.99,35.28,60.07,85.36,126.45,151.74,177.03,202.32,227.61,252.9
.taxi,domainrenew,40.99,81.98,122.97,163.96,204.95,245.94,286.93,327.92,368.91,409.9
.properties,domaintransfer,25.29,50.58,75.87,101.16,126.45,151.74,177.03,202.32,227.61,252.9
.property,domainregister,123.99,247.98,371.97,495.96,619.95,743.94,867.93,991.92,1115.91,1239.9
.vc,domainrenew,40.99,81.98,122.97,163.96,204.95,245.94,286.93,327.92,368.91,409.9
.property,domaintransfer,123.99,57.98,86.97,115.96,144.95,173.94,202.93,231.92,260.91,289.9
.protection,domaintransfer,2395,,,,,,,,,
.protection,domainregister,2395,4790,7185,9580,11975,14370,16765,19160,21555,23950
.vn,domainrenew,40.99,81.98,122.97,163.96,204.95,245.94,286.93,327.92,368.91,409.9
.pw,domaintransfer,18.39,,,,,,,,,
.pw,domainregister,3.99,11.38,18.77,26.16,36.95,44.34,51.73,59.12,66.51,73.9
.tech,domainrenew,41.99,83.98,125.97,167.96,209.95,251.94,293.93,335.92,377.91,419.9
.racing,domaintransfer,8.49,,,,,,,,,
.racing,domainregister,8.49,16.98,25.47,33.96,42.45,50.94,59.43,67.92,76.41,84.9
.holdings,domainrenew,42.29,84.58,126.87,169.16,211.45,253.74,296.03,338.32,380.61,422.9
.recht.pro,domaintransfer,199,,,,,,,,,
.recht.pro,domainregister,199,398,597,796,995,1194,1393,1592,1791,1990
.lease,domainrenew,42.29,84.58,126.87,169.16,211.45,253.74,296.03,338.32,380.61,422.9
.recipes,domainregister,9.99,85.58,128.37,171.16,213.95,256.74,299.53,342.32,385.11,427.9
.viajes,domainrenew,42.29,84.58,126.87,169.16,211.45,253.74,296.03,338.32,380.61,422.9
.recipes,domaintransfer,42.49,80.58,120.87,161.16,201.45,241.74,282.03,322.32,362.61,402.9
.red,domaintransfer,23.38,,,,,,,,,
.red,domainregister,3.49,26.87,38.97,51.96,64.95,77.94,90.93,103.92,116.91,129.9
.camera,domainrenew,42.49,84.98,127.47,169.96,212.45,254.94,297.43,339.92,382.41,424.9
.reisen,domainregister,17.29,34.58,51.87,69.16,86.45,103.74,121.03,138.32,155.61,172.9
.cleaning,domainrenew,42.49,84.98,127.47,169.96,212.45,254.94,297.43,339.92,382.41,424.9
.reisen,domaintransfer,17.29,34.58,51.87,69.16,86.45,103.74,121.03,138.32,155.61,172.9
.rent,domaintransfer,56.99,,,,,,,,,
.rent,domainregister,56.99,113.98,170.97,227.96,284.95,341.94,398.93,455.92,512.91,569.9
.condos,domainrenew,42.49,84.98,127.47,169.96,212.45,254.94,297.43,339.92,382.41,424.9
.rentals,domainregister,9.99,35.28,44.07,61.36,126.45,151.74,177.03,202.32,227.61,252.9
.cruises,domainrenew,42.49,84.98,127.47,169.96,212.45,254.94,297.43,339.92,382.41,424.9
.rentals,domaintransfer,25.29,50.58,75.87,101.16,126.45,151.74,177.03,202.32,227.61,252.9
.repair,domainregister,9.99,50.58,75.87,101.16,126.45,151.74,177.03,202.32,227.61,252.9
.diamonds,domainrenew,42.49,84.98,127.47,169.96,212.45,254.94,297.43,339.92,382.41,424.9
.repair,domaintransfer,25.29,50.58,75.87,101.16,126.45,151.74,177.03,202.32,227.61,252.9
.report,domainregister,9.99,34.58,51.87,69.16,86.45,103.74,121.03,138.32,155.61,172.9
.kitchen,domainrenew,42.49,84.98,127.47,169.96,212.45,254.94,297.43,339.92,382.41,424.9
.report,domaintransfer,17.29,34.58,51.87,69.16,86.45,103.74,121.03,138.32,155.61,172.9
.rest,domainregister,31.59,63.18,94.77,126.36,157.95,189.54,221.13,252.72,284.31,315.9
.recipes,domainrenew,42.49,84.98,127.47,169.96,212.45,254.94,297.43,339.92,382.41,424.9
.rest,domaintransfer,31.59,63.18,94.77,126.36,157.95,189.54,221.13,252.72,284.31,315.9
.restaurant,domainregister,19.99,80.58,120.87,161.16,201.45,241.74,282.03,322.32,362.61,402.9
.shoes,domainrenew,42.49,84.98,127.47,169.96,212.45,254.94,297.43,339.92,382.41,424.9
.restaurant,domaintransfer,40.29,80.58,120.87,161.16,201.45,241.74,282.03,322.32,362.61,402.9
.review,domaintransfer,8.49,,,,,,,,,
.review,domainregister,8.49,16.98,25.47,33.96,42.45,50.94,59.43,67.92,76.41,84.9
.ventures,domainrenew,42.49,84.98,127.47,169.96,212.45,254.94,297.43,339.92,382.41,424.9
.rodeo,domaintransfer,25.99,,,,,,,,,
.rodeo,domainregister,25.99,51.98,77.97,103.96,129.95,155.94,181.93,207.92,233.91,259.9
.voyage,domainrenew,42.49,84.98,127.47,169.96,212.45,254.94,297.43,339.92,382.41,424.9
.run,domainregister,4.99,35.18,52.77,70.36,87.95,105.54,123.13,140.72,158.31,175.9
.codes,domainrenew,42.79,85.58,128.37,171.16,213.95,256.74,299.53,342.32,385.11,427.9
.run,domaintransfer,17.59,35.18,52.77,70.36,87.95,105.54,123.13,140.72,158.31,175.9
.salon,domainregister,40.59,81.18,121.77,162.36,202.95,243.54,284.13,324.72,365.31,405.9
.engineering,domainrenew,42.79,85.58,128.37,171.16,213.95,256.74,299.53,342.32,385.11,427.9
.salon,domaintransfer,40.59,81.18,121.77,162.36,202.95,243.54,284.13,324.72,365.31,405.9
.sc,domainregister,87.99,175.98,263.97,351.96,439.95,527.94,615.93,703.92,791.91,879.9
.expert,domainrenew,42.79,85.58,128.37,171.16,213.95,256.74,299.53,342.32,385.11,427.9
.sc,domaintransfer,87.99,175.98,263.97,351.96,439.95,527.94,615.93,703.92,791.91,879.9
.school,domainregister,25.59,51.18,76.77,102.36,127.95,153.54,179.13,204.72,230.31,255.9
.flights,domainrenew,42.79,85.58,128.37,171.16,213.95,256.74,299.53,342.32,385.11,427.9
.school,domaintransfer,25.59,51.18,76.77,102.36,127.95,153.54,179.13,204.72,230.31,255.9
.schule,domainregister,17.29,34.58,51.87,69.16,86.45,103.74,121.03,138.32,155.61,172.9
.glass,domainrenew,42.79,85.58,128.37,171.16,213.95,256.74,299.53,342.32,385.11,427.9
.schule,domaintransfer,17.29,34.58,51.87,69.16,86.45,103.74,121.03,138.32,155.61,172.9
.science,domaintransfer,8.49,,,,,,,,,
.science,domainregister,8.49,16.98,25.47,33.96,42.45,50.94,59.43,67.92,76.41,84.9
.solar,domainrenew,42.79,85.58,128.37,171.16,213.95,256.74,299.53,342.32,385.11,427.9
.security,domaintransfer,2395,,,,,,,,,
.security,domainregister,2395,4790,7185,9580,11975,14370,16765,19160,21555,23950
.university,domainrenew,42.79,85.58,128.37,171.16,213.95,256.74,299.53,342.32,385.11,427.9
.services,domainregister,9.99,35.28,60.57,85.36,126.45,151.74,177.03,202.32,227.61,252.9
.villas,domainrenew,42.79,85.58,128.37,171.16,213.95,256.74,299.53,342.32,385.11,427.9
.services,domaintransfer,25.29,50.58,75.87,101.16,126.45,151.74,177.03,202.32,227.61,252.9
.sex,domaintransfer,100,,,,,,,,,
.sex,domainregister,100,200,300,400,500,600,700,800,900,1000
.capital,domainrenew,42.99,85.98,128.97,171.96,214.95,257.94,300.93,343.92,386.91,429.9
.sexy,domainregister,44.99,89.98,134.97,179.96,224.95,269.94,314.93,359.92,404.91,449.9
.dating,domainrenew,42.99,85.98,128.97,171.96,214.95,257.94,300.93,343.92,386.91,429.9
.sexy,domaintransfer,44.99,37.18,55.77,74.36,92.95,111.54,130.13,148.72,167.31,185.9
.shoes,domainregister,42.49,84.98,127.47,169.96,212.45,254.94,297.43,339.92,382.41,424.9
.dog,domainrenew,42.99,85.98,128.97,171.96,214.95,257.94,300.93,343.92,386.91,429.9
.shoes,domaintransfer,42.49,50.58,75.87,101.16,126.45,151.74,177.03,202.32,227.61,252.9
.shop,domaintransfer,32.59,,,,,,,,,
.shop,domainregister,2.99,40.08,72.67,105.26,122.55,152.44,152.57,176.75,200.93,225.11
.maison,domainrenew,42.99,85.98,128.97,171.96,214.95,257.94,300.93,343.92,386.91,429.9
.show,domainregister,9.99,51.18,76.77,102.36,127.95,153.54,179.13,204.72,230.31,255.9
.partners,domainrenew,42.99,85.98,128.97,171.96,214.95,257.94,300.93,343.92,386.91,429.9
.show,domaintransfer,25.59,51.18,76.77,102.36,127.95,153.54,179.13,204.72,230.31,255.9
.singles,domainregister,9.99,50.58,75.87,101.16,126.45,151.74,177.03,202.32,227.61,252.9
.plumbing,domainrenew,42.99,85.98,128.97,171.96,214.95,257.94,300.93,343.92,386.91,429.9
.singles,domaintransfer,25.29,50.58,75.87,101.16,126.45,151.74,177.03,202.32,227.61,252.9
.site,domaintransfer,24.59,,,,,,,,,
.site,domainregister,0.99,25.58,50.27,74.89,99.45,124.04,148.63,173.22,197.81,222.4
.tienda,domainrenew,42.99,85.98,128.97,171.96,214.95,257.94,300.93,343.92,386.91,429.9
.soccer,domainregister,17.59,35.18,52.77,70.36,87.95,105.54,123.13,140.72,158.31,175.9
.toys,domainrenew,42.99,85.98,128.97,171.96,214.95,257.94,300.93,343.92,386.91,429.9
.soccer,domaintransfer,17.59,35.18,52.77,70.36,87.95,105.54,123.13,140.72,158.31,175.9
.solar,domainregister,42.79,85.58,128.37,171.16,213.95,256.74,299.53,342.32,385.11,427.9
.camp,domainrenew,43.29,86.58,129.87,173.16,216.45,259.74,303.03,346.32,389.61,432.9
.solar,domaintransfer,42.79,50.58,75.87,101.16,126.45,151.74,177.03,202.32,227.61,252.9
.solutions,domainregister,13.49,30.78,48.07,65.36,86.45,103.74,121.03,138.32,155.61,172.9
.limo,domainrenew,43.29,86.58,129.87,173.16,216.45,259.74,303.03,346.32,389.61,432.9
.solutions,domaintransfer,17.29,34.58,51.87,69.16,86.45,103.74,121.03,138.32,155.61,172.9
.space,domaintransfer,18.49,,,,,,,,,
.space,domainregister,0.99,25.58,19.57,50.17,74.76,56.34,65.73,75.12,84.51,93.9
.sexy,domainrenew,44.99,89.98,134.97,179.96,224.95,269.94,314.93,359.92,404.91,449.9
.store,domaintransfer,50.99,,,,,,,,,
.store,domainregister,3.99,54.98,105.97,156.96,254.95,305.94,356.93,407.92,458.91,509.9
.tw,domainrenew,44.99,89.98,134.97,179.96,224.95,269.94,314.93,359.92,404.91,449.9
.study,domaintransfer,27.59,,,,,,,,,
.study,domainregister,27.59,55.18,82.77,110.36,137.95,165.54,193.13,220.72,248.31,275.9
.store,domainrenew,50.99,101.98,152.97,203.96,254.95,305.94,356.93,407.92,458.91,509.9
.style,domainregister,14.99,40.58,76.77,102.36,127.95,153.54,179.13,204.72,230.31,255.9
.mn,domainrenew,55.99,111.98,167.97,223.96,279.95,335.94,391.93,447.92,503.91,559.9
.style,domaintransfer,25.59,51.18,76.77,102.36,127.95,153.54,179.13,204.72,230.31,255.9
.supplies,domainregister,17.29,34.58,51.87,69.16,86.45,103.74,121.03,138.32,155.61,172.9
.college,domainrenew,56.99,113.98,170.97,227.96,284.95,341.94,398.93,455.92,512.91,569.9
.supplies,domaintransfer,17.29,34.58,51.87,69.16,86.45,103.74,121.03,138.32,155.61,172.9
.supply,domainregister,17.29,34.58,51.87,69.16,86.45,103.74,121.03,138.32,155.61,172.9
.rent,domainrenew,56.99,113.98,170.97,227.96,284.95,341.94,398.93,455.92,512.91,569.9
.supply,domaintransfer,17.29,34.58,51.87,69.16,86.45,103.74,121.03,138.32,155.61,172.9
.support,domainregister,7.99,29.28,51.87,69.16,86.45,103.74,121.03,138.32,155.61,172.9
.io,domainrenew,57.99,115.98,173.97,231.96,289.95,347.94,405.93,463.92,521.91,579.9
.support,domaintransfer,17.29,34.58,51.87,69.16,86.45,103.74,121.03,138.32,155.61,172.9
.surf,domaintransfer,25.99,,,,,,,,,
.surf,domainregister,25.99,51.98,77.97,103.96,129.95,155.94,181.93,207.92,233.91,259.9
.press,domainrenew,61.59,123.18,184.77,246.36,307.95,369.54,431.13,492.72,554.31,615.9
.surgery,domainregister,40.29,80.58,120.87,161.16,201.45,241.74,282.03,322.32,362.61,402.9
.global,domainrenew,62.99,125.98,188.97,251.96,314.95,377.94,440.93,503.92,566.91,629.9
.surgery,domaintransfer,40.29,80.58,120.87,161.16,201.45,241.74,282.03,322.32,362.61,402.9
.sydney,domaintransfer,64.99,,,,,,,,,
.sydney,domainregister,64.99,129.98,194.97,259.96,324.95,389.94,454.93,519.92,584.91,649.9
.christmas,domainrenew,63.59,127.18,190.77,254.36,317.95,381.54,445.13,508.72,572.31,635.9
.systems,domainregister,9.49,26.78,44.07,61.36,86.45,103.74,121.03,138.32,155.61,172.9
.sydney,domainrenew,64.99,129.98,194.97,259.96,324.95,389.94,454.93,519.92,584.91,649.9
.systems,domaintransfer,17.29,34.58,51.87,69.16,86.45,103.74,121.03,138.32,155.61,172.9
.tattoo,domainregister,39.59,79.18,118.77,158.36,197.95,237.54,277.13,316.72,356.31,395.9
.bar,domainrenew,65,130,195,260,325,390,455,520,585,650
.tattoo,domaintransfer,39.59,57.98,86.97,115.96,144.95,173.94,202.93,231.92,260.91,289.9
.tax,domainregister,14.99,80.58,120.87,161.16,201.45,241.74,282.03,322.32,362.61,402.9
.green,domainrenew,68.99,137.98,206.97,275.96,344.95,413.94,482.93,551.92,620.91,689.9
.tax,domaintransfer,40.29,80.58,120.87,161.16,201.45,241.74,282.03,322.32,362.61,402.9
.taxi,domainregister,14.99,81.18,121.77,162.36,202.95,243.54,284.13,324.72,365.31,405.9
.organic,domainrenew,68.99,137.98,206.97,275.96,344.95,413.94,482.93,551.92,620.91,689.9
.taxi,domaintransfer,40.99,81.18,121.77,162.36,202.95,243.54,284.13,324.72,365.31,405.9
.team,domainregister,9.99,35.58,16.97,83.36,127.95,153.54,179.13,204.72,230.31,255.9
.vote,domainrenew,68.99,137.98,206.97,275.96,344.95,413.94,482.93,551.92,620.91,689.9
.team,domaintransfer,25.59,51.18,76.77,102.36,127.95,153.54,179.13,204.72,230.31,255.9
.tech,domaintransfer,41.99,,,,,,,,,
.tech,domainregister,2.99,44.98,86.97,128.96,209.95,251.94,293.93,335.92,377.91,419.9
.voto,domainrenew,68.99,137.98,206.97,275.96,344.95,413.94,482.93,551.92,620.91,689.9
.technology,domainregister,9.49,26.78,44.07,61.36,86.45,103.74,121.03,138.32,155.61,172.9
.black,domainrenew,69.41,138.82,208.23,277.64,347.05,416.46,485.87,555.28,624.69,694.1
.technology,domaintransfer,17.29,34.58,51.87,69.16,86.45,103.74,121.03,138.32,155.61,172.9
.tel,domainregister,13.99,27.98,41.97,55.96,69.95,83.94,97.93,111.92,125.91,139.9
.poker,domainrenew,69.41,138.82,208.23,277.64,347.05,416.46,485.87,555.28,624.69,694.1
.tel,domaintransfer,13.99,27.98,41.97,55.96,69.95,83.94,97.93,111.92,125.91,139.9
.tennis,domainregister,40.59,81.18,121.77,162.36,202.95,243.54,284.13,324.72,365.31,405.9
.co.ag,domainrenew,72.99,145.98,218.97,291.96,364.95,437.94,510.93,583.92,656.91,729.9
.tennis,domaintransfer,40.59,81.18,121.77,162.36,202.95,243.54,284.13,324.72,365.31,405.9
.theater,domainregister,40.59,81.18,121.77,162.36,202.95,243.54,284.13,324.72,365.31,405.9
.com.ag,domainrenew,72.99,145.98,218.97,291.96,364.95,437.94,510.93,583.92,656.91,729.9
.theater,domaintransfer,40.59,81.18,121.77,162.36,202.95,243.54,284.13,324.72,365.31,405.9
.theatre,domaintransfer,599,,,,,,,,,
.theatre,domainregister,599,1198,1797,2396,2995,3594,4193,4792,5391,5990
.net.ag,domainrenew,72.99,145.98,218.97,291.96,364.95,437.94,510.93,583.92,656.91,729.9
.tickets,domaintransfer,399,,,,,,,,,
.tickets,domainregister,399,798,1197,1596,1995,2394,2793,3192,3591,3990
.nom.ag,domainrenew,72.99,145.98,218.97,291.96,364.95,437.94,510.93,583.92,656.91,729.9
.tienda,domainregister,42.79,85.58,128.37,171.16,213.95,256.74,299.53,342.32,385.11,427.9
.org.ag,domainrenew,72.99,145.98,218.97,291.96,364.95,437.94,510.93,583.92,656.91,729.9
.tienda,domaintransfer,42.79,80.58,120.87,161.16,201.45,241.74,282.03,322.32,362.61,402.9
.tips,domainregister,14.99,32.28,51.87,69.16,86.45,103.74,121.03,138.32,155.61,172.9
.investments,domainrenew,73.59,147.18,220.77,294.36,367.95,441.54,515.13,588.72,662.31,735.9
.tips,domaintransfer,17.29,34.58,51.87,69.16,86.45,103.74,121.03,138.32,155.61,172.9
.tires,domainregister,80.99,161.98,242.97,323.96,404.95,485.94,566.93,647.92,728.91,809.9
.host,domainrenew,78.59,157.18,235.77,314.36,392.95,471.54,550.13,628.72,707.31,785.9
.tires,domaintransfer,80.99,161.98,242.97,323.96,404.95,485.94,566.93,647.92,728.91,809.9
.today,domainregister,3.99,22.28,40.07,57.36,86.45,103.74,121.03,138.32,155.61,172.9
.accountants,domainrenew,80.99,161.98,242.97,323.96,404.95,485.94,566.93,647.92,728.91,809.9
.today,domaintransfer,17.29,34.58,51.87,69.16,86.45,103.74,121.03,138.32,155.61,172.9
.tokyo,domainregister,11.59,23.18,34.77,46.36,57.95,69.54,81.13,92.72,104.31,115.9
.credit,domainrenew,80.99,161.98,242.97,323.96,404.95,485.94,566.93,647.92,728.91,809.9
.tokyo,domaintransfer,11.59,23.18,34.77,46.36,57.95,69.54,81.13,92.72,104.31,115.9
.tools,domainregister,11.99,37.28,75.87,101.16,126.45,151.74,177.03,202.32,227.61,252.9
.energy,domainrenew,80.99,161.98,242.97,323.96,404.95,485.94,566.93,647.92,728.91,809.9
.tools,domaintransfer,25.29,50.58,75.87,101.16,126.45,151.74,177.03,202.32,227.61,252.9
.top,domaintransfer,13.99,,,,,,,,,
.top,domainregister,3.49,17.48,31.47,45.46,59.45,73.44,87.43,101.42,115.41,129.4
.film,domainrenew,80.99,161.98,242.97,323.96,404.95,485.94,566.93,647.92,728.91,809.9
.tours,domainregister,9.99,81.18,121.77,162.36,202.95,243.54,284.13,324.72,365.31,405.9
.gold,domainrenew,80.99,161.98,242.97,323.96,404.95,485.94,566.93,647.92,728.91,809.9
.tours,domaintransfer,40.59,81.18,121.77,162.36,202.95,243.54,284.13,324.72,365.31,405.9
.town,domainregister,9.99,35.28,75.87,101.16,126.45,151.74,177.03,202.32,227.61,252.9
.loans,domainrenew,80.99,161.98,242.97,323.96,404.95,485.94,566.93,647.92,728.91,809.9
.town,domaintransfer,25.29,50.58,75.87,101.16,126.45,151.74,177.03,202.32,227.61,252.9
.toys,domainregister,19.99,85.98,128.97,171.96,214.95,257.94,300.93,343.92,386.91,429.9
.tires,domainrenew,80.99,161.98,242.97,323.96,404.95,485.94,566.93,647.92,728.91,809.9
.toys,domaintransfer,42.99,50.58,75.87,101.16,126.45,151.74,177.03,202.32,227.61,252.9
.trade,domaintransfer,5.49,,,,,,,,,
.trade,domainregister,5.49,10.98,16.47,21.96,27.45,32.94,38.43,43.92,49.41,54.9
.ceo,domainrenew,99,198,270,360,450,540,595,680,765,820
.training,domainregister,19.99,45.28,70.57,101.16,126.45,151.74,177.03,202.32,227.61,252.9
.sc,domainrenew,87.99,175.98,263.97,351.96,439.95,527.94,615.93,703.92,791.91,879.9
.training,domaintransfer,25.29,50.58,75.87,101.16,126.45,151.74,177.03,202.32,227.61,252.9
.tv,domaintransfer,38,,,,,,,,,
.tv,domainregister,38,76,114,152,190,228,266,304,342,380
.ag,domainrenew,91.99,183.98,275.97,367.96,459.95,551.94,643.93,735.92,827.91,919.9
.tw,domainregister,44.99,89.98,134.97,179.96,224.95,269.94,314.93,359.92,404.91,449.9
.adult,domainrenew,100,200,300,400,500,600,700,800,900,1000
.uk,domainregister,11.59,17.98,26.97,35.96,44.95,53.94,62.93,71.92,80.91,89.9
.porn,domainrenew,100,200,300,400,500,600,700,800,900,1000
.university,domainregister,42.79,85.58,128.37,171.16,213.95,256.74,299.53,342.32,385.11,427.9
.sex,domainrenew,100,200,300,400,500,600,700,800,900,1000
.university,domaintransfer,42.79,80.58,120.87,161.16,201.45,241.74,282.03,322.32,362.61,402.9
.us,domaintransfer,11.97,,,,,,,,,
.us,domainregister,11.97,23.94,35.91,47.88,59.85,71.82,83.79,95.76,107.73,119.7
.xxx,domainrenew,100,200,300,400,500,600,700,800,900,1000
.vacations,domainregister,25.29,50.58,75.87,101.16,126.45,151.74,177.03,202.32,227.61,252.9
.casino,domainrenew,120.99,241.98,362.97,483.96,604.95,725.94,846.93,967.92,1088.91,1209.9
.vacations,domaintransfer,25.29,50.58,75.87,101.16,126.45,151.74,177.03,202.32,227.61,252.9
.vc,domainregister,40.99,81.98,122.97,163.96,204.95,245.94,286.93,327.92,368.91,409.9
.creditcard,domainrenew,120.99,241.98,362.97,483.96,604.95,725.94,846.93,967.92,1088.91,1209.9
.vc,domaintransfer,40.99,81.98,122.97,163.96,204.95,245.94,286.93,327.92,368.91,409.9
.ventures,domainregister,14.99,84.98,127.47,169.96,212.45,254.94,297.43,339.92,382.41,424.9
.audio,domainrenew,123.99,247.98,371.97,495.96,619.95,743.94,867.93,991.92,1115.91,1239.9
.ventures,domaintransfer,42.49,80.58,120.87,161.16,201.45,241.74,282.03,322.32,362.61,402.9
.viajes,domainregister,42.29,84.58,126.87,169.16,211.45,253.74,296.03,338.32,380.61,422.9
.blackfriday,domainrenew,123.99,247.98,371.97,495.96,619.95,743.94,867.93,991.92,1115.91,1239.9
.viajes,domaintransfer,42.29,80.58,120.87,161.16,201.45,241.74,282.03,322.32,362.61,402.9
.villas,domainregister,42.79,85.58,128.37,171.16,213.95,256.74,299.53,342.32,385.11,427.9
.guitars,domainrenew,123.99,247.98,371.97,495.96,619.95,743.94,867.93,991.92,1115.91,1239.9
.villas,domaintransfer,42.99,80.58,120.87,161.16,201.45,241.74,282.03,322.32,362.61,402.9
.vin,domainregister,9.99,81.18,121.77,162.36,202.95,243.54,284.13,324.72,365.31,405.9
.hiphop,domainrenew,123.99,247.98,371.97,495.96,619.95,743.94,867.93,991.92,1115.91,1239.9
.vin,domaintransfer,40.59,81.18,121.77,162.36,202.95,243.54,284.13,324.72,365.31,405.9
.vip,domaintransfer,14.99,,,,,,,,,
.vip,domainregister,14.99,29.98,44.97,59.96,74.95,89.94,104.93,119.92,134.91,149.9
.property,domainrenew,123.99,247.98,371.97,495.96,619.95,743.94,867.93,991.92,1115.91,1239.9
.vision,domainregister,25.29,50.58,75.87,101.16,126.45,151.74,177.03,202.32,227.61,252.9
.aaa.pro,domainrenew,199,398,597,796,995,1194,1393,1592,1791,1990
.vision,domaintransfer,25.29,50.58,75.87,101.16,126.45,151.74,177.03,202.32,227.61,252.9
.vn,domainregister,40.99,81.98,122.97,163.96,204.95,245.94,286.93,327.92,368.91,409.9
.aca.pro,domainrenew,199,398,597,796,995,1194,1393,1592,1791,1990
.vodka,domaintransfer,25.99,,,,,,,,,
.vodka,domainregister,25.99,51.98,77.97,103.96,129.95,155.94,181.93,207.92,233.91,259.9
.acct.pro,domainrenew,199,398,597,796,995,1194,1393,1592,1791,1990
.vote,domaintransfer,68.99,,,,,,,,,
.vote,domainregister,68.99,137.98,206.97,275.96,344.95,413.94,482.93,551.92,620.91,689.9
.avocat.pro,domainrenew,199,398,597,796,995,1194,1393,1592,1791,1990
.voto,domaintransfer,68.99,,,,,,,,,
.voto,domainregister,68.99,137.98,206.97,275.96,344.95,413.94,482.93,551.92,620.91,689.9
.bar.pro,domainrenew,199,398,597,796,995,1194,1393,1592,1791,1990
.voyage,domainregister,42.49,84.98,127.47,169.96,212.45,254.94,297.43,339.92,382.41,424.9
.cpa.pro,domainrenew,199,398,597,796,995,1194,1393,1592,1791,1990
.voyage,domaintransfer,42.49,74.58,111.87,149.16,186.45,223.74,261.03,298.32,335.61,372.9
.wales,domainregister,19.99,39.98,59.97,79.96,99.95,119.94,139.93,159.92,179.91,199.9
.eng.pro,domainrenew,199,398,597,796,995,1194,1393,1592,1791,1990
.wales,domaintransfer,19.99,39.98,59.97,79.96,99.95,119.94,139.93,159.92,179.91,199.9
.watch,domainregister,9.99,50.58,75.87,101.16,126.45,151.74,177.03,202.32,227.61,252.9
.jur.pro,domainrenew,199,398,597,796,995,1194,1393,1592,1791,1990
.watch,domaintransfer,25.29,50.58,75.87,101.16,126.45,151.74,177.03,202.32,227.61,252.9
.webcam,domaintransfer,8.49,,,,,,,,,
.webcam,domainregister,8.49,16.98,25.47,33.96,42.45,50.94,59.43,67.92,76.41,84.9
.law.pro,domainrenew,199,398,597,796,995,1194,1393,1592,1791,1990
.website,domainregister,2.99,21.58,40.17,58.76,92.95,111.54,130.13,148.72,167.31,185.9
.med.pro,domainrenew,199,398,597,796,995,1194,1393,1592,1791,1990
.website,domaintransfer,18.59,37.18,55.77,74.36,92.95,111.54,130.13,148.72,167.31,185.9
.wedding,domaintransfer,25.99,,,,,,,,,
.wedding,domainregister,25.99,51.98,77.97,103.96,129.95,155.94,181.93,207.92,233.91,259.9
.recht.pro,domainrenew,199,398,597,796,995,1194,1393,1592,1791,1990
.wiki,domainregister,22.99,45.98,68.97,91.96,114.95,137.94,160.93,183.92,206.91,229.9
.movie,domainrenew,299,598,897,1196,1495,1794,2093,2392,2691,2990
.wiki,domaintransfer,34.59,49.18,73.77,98.36,122.95,147.54,172.13,196.72,221.31,245.9
.win,domaintransfer,5.49,,,,,,,,,
.win,domainregister,5.49,10.98,16.47,21.96,27.45,32.94,38.43,43.92,49.41,54.9
.game,domainrenew,349,698,1047,1396,1745,2094,2443,2792,3141,3490
.wine,domainregister,9.99,81.18,121.77,162.36,202.95,243.54,284.13,324.72,365.31,405.9
.hosting,domainrenew,363.99,727.98,1091.97,1455.96,1819.95,2183.94,2547.93,2911.92,3275.91,3639.9
.wine,domaintransfer,40.59,81.18,121.77,162.36,202.95,243.54,284.13,324.72,365.31,405.9
.work,domaintransfer,8.99,,,,,,,,,
.work,domainregister,8.99,17.98,26.97,35.96,44.95,53.94,62.93,71.92,80.91,89.9
.juegos,domainrenew,363.99,727.98,1091.97,1455.96,1819.95,2183.94,2547.93,2911.92,3275.91,3639.9
.works,domainregister,7.49,32.78,58.07,83.36,126.45,151.74,177.03,202.32,227.61,252.9
.tickets,domainrenew,399,798,1197,1596,1995,2394,2793,3192,3591,3990
.works,domaintransfer,25.29,50.58,75.87,101.16,126.45,151.74,177.03,202.32,227.61,252.9
.world,domainregister,5.49,22.78,40.07,57.36,127.95,153.54,179.13,204.72,230.31,255.9
.theatre,domainrenew,589,1178,1767,2356,2945,3534,4123,4712,5301,5890
.world,domaintransfer,25.59,51.18,76.77,102.36,127.95,153.54,179.13,204.72,230.31,255.9
.wtf,domainregister,4.99,30.28,75.87,101.16,126.45,151.74,177.03,202.32,227.61,252.9
.lotto,domainrenew,1859,3718,5577,7436,9295,11154,13013,14872,16731,18590
.wtf,domaintransfer,25.29,50.58,75.87,101.16,126.45,151.74,177.03,202.32,227.61,252.9
.xxx,domaintransfer,100,,,,,,,,,
.xxx,domainregister,100,200,300,400,500,600,700,800,900,1000
.protection,domainrenew,2395,4790,7185,9580,11975,14370,16765,19160,21555,23950
.xyz,domainregister,0.99,6.6,22.95,33.93,40.85,50.84,60.83,70.82,80.81,90.8
.security,domainrenew,2395,4790,7185,9580,11975,14370,16765,19160,21555,23950
.xyz,domaintransfer,9.99,19.98,29.97,39.96,49.95,59.94,69.93,79.92,89.91,99.9
.yoga,domaintransfer,25.99,,,,,,,,,
.yoga,domainregister,25.99,51.98,77.97,103.96,129.95,155.94,181.93,207.92,233.91,259.9
.auto,domainrenew,2399,4798,7197,9596,11995,14394,16793,19192,21591,23990
.yokohama,domainregister,11.59,23.18,34.77,46.36,57.95,69.54,81.13,92.72,104.31,115.9
.car,domainrenew,2399,4798,7197,9596,11995,14394,16793,19192,21591,23990
.yokohama,domaintransfer,11.59,23.18,34.77,46.36,57.95,69.54,81.13,92.72,104.31,115.9
.zone,domainregister,9.99,35.28,16.97,83.36,126.45,151.74,177.03,202.32,227.61,252.9
.cars,domainrenew,2399,4798,7197,9596,11995,14394,16793,19192,21591,23990
.zone,domaintransfer,25.29,50.58,75.87,101.16,126.45,151.74,177.03,202.32,227.61,252.9
