[
  {
    "trackingNumberPsp": "PF00139707040000A001",
    "requestType": 13,
    "merchant": {
      "firstNameFa": "نام",
      "lastNameFa": "خانوادگی",
      "fatherNameFa": "پدر",
      "firstNameEn": "F Name",
      "lastNameEn": "L Name",
      "fatherNameEn": "Father Name",
      "gender": 1,
      "birthDate": 273196800000,
      "registerDate": null,
      "nationalCode": "1111111111",
      "registerNumber": null,
      "comNameFa": null,
      "comNameEn": null,
      "merchantType": 0,
      "residencyType": 0,
      "vitalStatus": 0,
      "birthCrtfctNumber": null,
      "birthCrtfctSerial": null,
      "birthCrtfctSeriesLetter": null,
      "birthCrtfctSeriesNumber": null,
      "nationalLegalCode": null,
      "commercialCode": "",
      "countryCode": null,
      "foreignPervasiveCode": null,
      "passportNumber": null,
      "passportExpireDate": null,
      "description": "aa",
      "telephoneNumber": "021-75105000",
      "cellPhoneNumber": "09120000000",
      "emailAddress": "info@shaparak.ir",
      "webSite": "shaparak.ir",
      "fax": "",
      "merchantIbans": null,
      "merchantOfficers": null
    },
    "relatedMerchants": null,
    "contract": null,
    "pspRequestShopAcceptors": [
      {
        "shop": {
          "farsiName": "نام فروشگاه",
          "englishName": "PF_Shop",
          "telephoneNumber": "021-75105000",
          "postalCode": "1547914811",
          "businessCertificateNumber": "123",
          "certificateExpiryDate": 1568108800000,
          "description": "aa",
          "businessCategoryCode": "4814",
          "businessSubCategoryCode": "0",
          "certificateIssueDate": 1537920000000,
          "rentalExpiryDate": 1591590400000,
          "rentalContractNumber": "",
          "address": "میرداماد",
          "countryCode": "IR",
          "provinceCode": "THR",
          "cityCode": "108012",
          "ownershipType": 1,
          "businessType": 1,
          "etrustCertificateType": 0,
          "etrustCertificateIssueDate": null,
          "etrustCertificateExpiryDate": null,
          "emailAddress": "sample@shaparak.ir",
          "websiteAddress": "shaparak.ir"
        },
        "acceptors": null
      }
    ],
    "description": null
  }
]