{
  "jibres_master": {
    "code": "jibres_master",
    "host": "localhost",
    "port": 3306,
    "user": "101x",
    "pass": "ArvanJibres101MySql101!!!!",
    "database": "jibres"
  },
  "jibres101": {
    "code": "jibres101",
    "host": "localhost",
    "port": 3306,
    "user": "101x",
    "pass": "ArvanJibres101MySql101!!!!",
    "database": null
  },
  "jibres101rg6": {
    "code": "jibres101rg6",
    "host": "45.82.139.124",
    "port": 3306,
    "user": "101rg6",
    "pass": "ArJibres101MSqg6^^^^*&",
    "database": null
  },
  "jibres101_test_local": {
    "code": "jibres101_test_local",
    "host": "45.82.139.124",
    "port": 3306,
    "user": "ermile-local",
    "pass": "Reza1233",
    "database": null
  },
  "myLocal": {
    "code": "myLocal",
    "host": "localhost",
    "port": 3306,
    "user": "root",
    "pass": "root",
    "database": "jibres"
  },
  "myStoreLocal": {
    "code": "myStoreLocal",
    "host": "localhost",
    "port": 3306,
    "user": "root",
    "pass": "root",
    "database": null
  },
  "local": {
    "code": "local",
    "host": "localhost",
    "port": 3306,
    "user": "101x",
    "pass": "ArvanJibres101MySql101!!!!",
    "database": null
  }
}